Workbook

Sheet calendario 2021
H1: INFORME SEMANAL | R1: =TODAY() -> 46139
A2: CORTES | H2: PROGRAMACION 2021 | R2: versión 0.0
A4: desde | C4: hasta | E4: largo | F4: # week | H4: ENERO | P4: FECHA INFORME | Q4: DETALLES | R4: FERIADO
A5: m | B5: d | C5: m | D5: d | H5: L | I5: M | J5: M | K5: J | L5: V | M5: S | N5: D
F6: 52 | I6: =+J6-1 -> 43830 | J6: 43831 | L6: =1+K6 -> 1 | M6: =1+L6 -> 2 | N6: =1+M6 -> 3 | R6: Viernes 1 de Enero: Año Nuevo
A7: 12 | B7: 31 | C7: =+MONTH(K7) -> 1 | D7: =+DAY(K7) -> 7 | E7: =IF(A7=C7,D7-B7+1,DAY(EOMONTH(I7,0))-B7+D7+1) -> 8 | F7: 1 | H7: =1+N6 -> 4 | I7: =1+H7 -> 5 | J7: =1+I7 -> 6 | K7: =1+J7 -> 7 | L7: =1+K7 -> 8 | M7: =1+L7 -> 9 | N7: =1+M7 -> 10 | P7: =DATE(2021,C7,D7+1) -> 44204 | Q7: =IF(A7=C7,"Informe "&D7-B7+1&" días ( "&D7-B7&" reales y 1 proyectado); Reales del "&B7&"/"&C7&" al "&D7-1&"/"&A7&" ,Proyectado "&D7&"/"&A7,"Informe "&DAY(EOMONTH(K6,0))-B7+D7+1&" días ( "&DAY(EOMONTH(K6,0))-B7+D7&" reales y 1 proyectado); Reales del "&B7&"/"&A7&" al "&D7-1&"/"&C7&" ,Proyectado "&D7&"/"&C7) -> Informe 8 días ( 7 reales y 1 proyectado); Reales del 31/12 al 6/1 ,Proyectado 7/1
A8: =+MONTH(L7) -> 1 | B8: =+DAY(L7) -> 8 | C8: =+MONTH(K8) -> 1 | D8: =+DAY(K8) -> 14 | E8: =IF(A8=C8,D8-B8+1,DAY(EOMONTH(I8,0))-B8+D8+1) -> 7 | F8: 2 | H8: =1+N7 -> 11 | I8: =1+H8 -> 12 | J8: =1+I8 -> 13 | K8: =1+J8 -> 14 | L8: =1+K8 -> 15 | M8: =1+L8 -> 16 | N8: =1+M8 -> 17 | P8: =DATE(2021,C8,D8+1) -> 44211 | Q8: =IF(A8=C8,"Informe "&D8-B8+1&" días ( "&D8-B8&" reales y 1 proyectado); Reales del "&B8&"/"&C8&" al "&D8-1&"/"&A8&" ,Proyectado "&D8&"/"&A8,"Informe "&DAY(EOMONTH(K8,0))-B8+D8+1&" días ( "&DAY(EOMONTH(K8,0))-B8+D8&" reales y 1 proyectado); Reales del "&B8&"/"&A8&" al "&D8-1&"/"&C8&" ,Proyectado "&D8&"/"&C8) -> Informe 7 días ( 6 reales y 1 proyectado); Reales del 8/1 al 13/1 ,Proyectado 14/1
A9: =+MONTH(L8) -> 1 | B9: =+DAY(L8) -> 15 | C9: =+MONTH(K9) -> 1 | D9: =+DAY(K9) -> 21 | E9: =IF(A9=C9,D9-B9+1,DAY(EOMONTH(I9,0))-B9+D9+1) -> 7 | F9: 3 | H9: =1+N8 -> 18 | I9: =1+H9 -> 19 | J9: =1+I9 -> 20 | K9: =1+J9 -> 21 | L9: =1+K9 -> 22 | M9: =1+L9 -> 23 | N9: =1+M9 -> 24 | P9: =DATE(2021,C9,D9+1) -> 44218 | Q9: =IF(A9=C9,"Informe "&D9-B9+1&" días ( "&D9-B9&" reales y 1 proyectado); Reales del "&B9&"/"&C9&" al "&D9-1&"/"&A9&" ,Proyectado "&D9&"/"&A9,"Informe "&DAY(EOMONTH(K9,0))-B9+D9+1&" días ( "&DAY(EOMONTH(K9,0))-B9+D9&" reales y 1 proyectado); Reales del "&B9&"/"&A9&" al "&D9-1&"/"&C9&" ,Proyectado "&D9&"/"&C9) -> Informe 7 días ( 6 reales y 1 proyectado); Reales del 15/1 al 20/1 ,Proyectado 21/1
A10: =+MONTH(L9) -> 1 | B10: =+DAY(L9) -> 22 | C10: =+MONTH(K10) -> 1 | D10: =+DAY(K10) -> 28 | E10: =IF(A10=C10,D10-B10+1,DAY(EOMONTH(I10,0))-B10+D10+1) -> 7 | F10: 4 | H10: =1+N9 -> 25 | I10: =1+H10 -> 26 | J10: =1+I10 -> 27 | K10: =1+J10 -> 28 | L10: =1+K10 -> 29 | M10: =1+L10 -> 30 | N10: =1+M10 -> 31 | P10: =DATE(2021,C10,D10+1) -> 44225 | Q10: =IF(A10=C10,"Informe "&D10-B10+1&" días ( "&D10-B10&" reales y 1 proyectado); Reales del "&B10&"/"&C10&" al "&D10-1&"/"&A10&" ,Proyectado "&D10&"/"&A10,"Informe "&DAY(EOMONTH(K10,0))-B10+D10+1&" días ( "&DAY(EOMONTH(K10,0))-B10+D10&" reales y 1 proyectado); Reales del "&B10&"/"&A10&" al "&D10-1&"/"&C10&" ,Proyectado "&D10&"/"&C10) -> Informe 7 días ( 6 reales y 1 proyectado); Reales del 22/1 al 27/1 ,Proyectado 28/1
A12: desde | C12: hasta | E12: largo | F12: # week | H12: FEBRERO | P12: FECHA INFORME | Q12: DETALLES | R12: FERIADO
A13: m | B13: d | C13: m | D13: d | H13: L | I13: M | J13: M | K13: J | L13: V | M13: S | N13: D
A14: =+MONTH(L10) -> 1 | B14: =+DAY(L10) -> 29 | C14: =+MONTH(K14) -> 2 | D14: =+DAY(K14) -> 4 | E14: =IF(A14=C14,D14-B14+1,DAY(EOMONTH(I10,0))-B14+D14+1) -> 7 | F14: 5 | H14: =1+N10 -> 32 | I14: =+H14+1 -> 33 | J14: =+I14+1 -> 34 | K14: =+J14+1 -> 35 | L14: =+K14+1 -> 36 | M14: =+L14+1 -> 37 | N14: =+M14+1 -> 38 | P14: =DATE(2021,C14,D14+1) -> 44232 | Q14: =IF(A14=C14,"Informe "&D14-B14+1&" días ( "&D14-B14&" reales y 1 proyectado); Reales del "&B14&"/"&C14&" al "&D14-1&"/"&A14&" ,Proyectado "&D14&"/"&A14,"Informe "&DAY(EOMONTH(K10,0))-B14+D14+1&" días ( "&DAY(EOMONTH(K10,0))-B14+D14&" reales y 1 proyectado); Reales del "&B14&"/"&A14&" al "&D14-1&"/"&C14&" ,Proyectado "&D14&"/"&C14) -> Informe 7 días ( 6 reales y 1 proyectado); Reales del 29/1 al 3/2 ,Proyectado 4/2
A15: =+MONTH(L14) -> 2 | B15: =+DAY(L14) -> 5 | C15: =+MONTH(K15) -> 2 | D15: =+DAY(K15) -> 11 | E15: =IF(A15=C15,D15-B15+1,DAY(EOMONTH(I15,0))-B15+D15+1) -> 7 | F15: =1+F14 -> 6 | H15: =1+N14 -> 39 | I15: =+H15+1 -> 40 | J15: =+I15+1 -> 41 | K15: =+J15+1 -> 42 | L15: =+K15+1 -> 43 | M15: =+L15+1 -> 44 | N15: =+M15+1 -> 45 | P15: =DATE(2021,C15,D15+1) -> 44239 | Q15: =IF(A15=C15,"Informe "&D15-B15+1&" días ( "&D15-B15&" reales y 1 proyectado); Reales del "&B15&"/"&C15&" al "&D15-1&"/"&A15&" ,Proyectado "&D15&"/"&A15,"Informe "&DAY(EOMONTH(K15,0))-B15+D15+1&" días ( "&DAY(EOMONTH(K15,0))-B15+D15&" reales y 1 proyectado); Reales del "&B15&"/"&A15&" al "&D15-1&"/"&C15&" ,Proyectado "&D15&"/"&C15) -> Informe 7 días ( 6 reales y 1 proyectado); Reales del 5/2 al 10/2 ,Proyectado 11/2
A16: =+MONTH(L15) -> 2 | B16: =+DAY(L15) -> 12 | C16: =+MONTH(K16) -> 2 | D16: =+DAY(K16) -> 18 | E16: =IF(A16=C16,D16-B16+1,DAY(EOMONTH(I16,0))-B16+D16+1) -> 7 | F16: =1+F15 -> 7 | H16: =1+N15 -> 46 | I16: =+H16+1 -> 47 | J16: =+I16+1 -> 48 | K16: =+J16+1 -> 49 | L16: =+K16+1 -> 50 | M16: =+L16+1 -> 51 | N16: =+M16+1 -> 52 | P16: =DATE(2021,C16,D16+1) -> 44246 | Q16: =IF(A16=C16,"Informe "&D16-B16+1&" días ( "&D16-B16&" reales y 1 proyectado); Reales del "&B16&"/"&C16&" al "&D16-1&"/"&A16&" ,Proyectado "&D16&"/"&A16,"Informe "&DAY(EOMONTH(K16,0))-B16+D16+1&" días ( "&DAY(EOMONTH(K16,0))-B16+D16&" reales y 1 proyectado); Reales del "&B16&"/"&A16&" al "&D16-1&"/"&C16&" ,Proyectado "&D16&"/"&C16) -> Informe 7 días ( 6 reales y 1 proyectado); Reales del 12/2 al 17/2 ,Proyectado 18/2
A17: =+MONTH(L16) -> 2 | B17: =+DAY(L16) -> 19 | C17: =+MONTH(K17) -> 2 | D17: =+DAY(K17) -> 25 | E17: =IF(A17=C17,D17-B17+1,DAY(EOMONTH(I16,0))-B17+D17+1) -> 7 | F17: =1+F16 -> 8 | H17: =1+N16 -> 53 | I17: =+H17+1 -> 54 | J17: =+I17+1 -> 55 | K17: =+J17+1 -> 56 | L17: =+K17+1 -> 57 | M17: =+L17+1 -> 58 | N17: =+M17+1 -> 59 | P17: =DATE(2021,C17,D17+1) -> 44253 | Q17: =IF(A17=C17,"Informe "&D17-B17+1&" días ( "&D17-B17&" reales y 1 proyectado); Reales del "&B17&"/"&C17&" al "&D17-1&"/"&A17&" ,Proyectado "&D17&"/"&A17,"Informe "&DAY(EOMONTH(K17,0))-B17+D17+1&" días ( "&DAY(EOMONTH(K17,0))-B17+D17&" reales y 1 proyectado); Reales del "&B17&"/"&A17&" al "&D17-1&"/"&C17&" ,Proyectado "&D17&"/"&C17) -> Informe 7 días ( 6 reales y 1 proyectado); Reales del 19/2 al 24/2 ,Proyectado 25/2
A19: desde | C19: hasta | E19: largo | F19: # week | H19: MARZO | P19: FECHA INFORME | Q19: DETALLES | R19: FERIADO
A20: m | B20: d | C20: m | D20: d | H20: L | I20: M | J20: M | K20: J | L20: V | M20: S | N20: D
A21: =+MONTH(L17) -> 2 | B21: =+DAY(L17) -> 26 | C21: =+MONTH(K21) -> 3 | D21: =+DAY(K21) -> 4 | E21: =IF(A21=C21,D21-B21+1,DAY(EOMONTH(I17,0))-B21+D21+1) -> 7 | F21: =F17+1 -> 9 | H21: 44256 | I21: =+H21+1 -> 44257 | J21: =+I21+1 -> 44258 | K21: =+J21+1 -> 44259 | L21: =+K21+1 -> 44260 | M21: =+L21+1 -> 44261 | N21: =+M21+1 -> 44262 | P21: =DATE(2021,C21,D21+1) -> 44260 | Q21: =IF(A21=C21,"Informe "&D21-B21+1&" días ( "&D21-B21&" reales y 1 proyectado); Reales del "&B21&"/"&C21&" al "&D21-1&"/"&A21&" ,Proyectado "&D21&"/"&A21,"Informe "&DAY(EOMONTH(K17,0))-B21+D21+1&" días ( "&DAY(EOMONTH(K17,0))-B21+D21&" reales y 1 proyectado); Reales del "&B21&"/"&A21&" al "&D21-1&"/"&C21&" ,Proyectado "&D21&"/"&C21) -> Informe 7 días ( 6 reales y 1 proyectado); Reales del 26/2 al 3/3 ,Proyectado 4/3
A22: =+MONTH(L21) -> 3 | B22: =+DAY(L21) -> 5 | C22: =+MONTH(K22) -> 3 | D22: =+DAY(K22) -> 11 | E22: =IF(A22=C22,D22-B22+1,DAY(EOMONTH(I22,0))-B22+D22+1) -> 7 | F22: =1+F21 -> 10 | H22: =1+N21 -> 44263 | I22: =+H22+1 -> 44264 | J22: =+I22+1 -> 44265 | K22: =+J22+1 -> 44266 | L22: =+K22+1 -> 44267 | M22: =+L22+1 -> 44268 | N22: =+M22+1 -> 44269 | P22: =DATE(2021,C22,D22+1) -> 44267 | Q22: =IF(A22=C22,"Informe "&D22-B22+1&" días ( "&D22-B22&" reales y 1 proyectado); Reales del "&B22&"/"&C22&" al "&D22-1&"/"&A22&" ,Proyectado "&D22&"/"&A22,"Informe "&DAY(EOMONTH(K22,0))-B22+D22+1&" días ( "&DAY(EOMONTH(K22,0))-B22+D22&" reales y 1 proyectado); Reales del "&B22&"/"&A22&" al "&D22-1&"/"&C22&" ,Proyectado "&D22&"/"&C22) -> Informe 7 días ( 6 reales y 1 proyectado); Reales del 5/3 al 10/3 ,Proyectado 11/3
A23: =+MONTH(L22) -> 3 | B23: =+DAY(L22) -> 12 | C23: =+MONTH(K23) -> 3 | D23: =+DAY(K23) -> 18 | E23: =IF(A23=C23,D23-B23+1,DAY(EOMONTH(I23,0))-B23+D23+1) -> 7 | F23: =1+F22 -> 11 | H23: =1+N22 -> 44270 | I23: =+H23+1 -> 44271 | J23: =+I23+1 -> 44272 | K23: =+J23+1 -> 44273 | L23: =+K23+1 -> 44274 | M23: =+L23+1 -> 44275 | N23: =+M23+1 -> 44276 | P23: =DATE(2021,C23,D23+1) -> 44274 | Q23: =IF(A23=C23,"Informe "&D23-B23+1&" días ( "&D23-B23&" reales y 1 proyectado); Reales del "&B23&"/"&C23&" al "&D23-1&"/"&A23&" ,Proyectado "&D23&"/"&A23,"Informe "&DAY(EOMONTH(K23,0))-B23+D23+1&" días ( "&DAY(EOMONTH(K23,0))-B23+D23&" reales y 1 proyectado); Reales del "&B23&"/"&A23&" al "&D23-1&"/"&C23&" ,Proyectado "&D23&"/"&C23) -> Informe 7 días ( 6 reales y 1 proyectado); Reales del 12/3 al 17/3 ,Proyectado 18/3
A24: =+MONTH(L23) -> 3 | B24: =+DAY(L23) -> 19 | C24: =+MONTH(K24) -> 3 | D24: =+DAY(K24) -> 25 | E24: =IF(A24=C24,D24-B24+1,DAY(EOMONTH(I23,0))-B24+D24+1) -> 7 | F24: =1+F23 -> 12 | H24: =1+N23 -> 44277 | I24: =+H24+1 -> 44278 | J24: =+I24+1 -> 44279 | K24: =+J24+1 -> 44280 | L24: =+K24+1 -> 44281 | M24: =+L24+1 -> 44282 | N24: =+M24+1 -> 44283 | P24: =DATE(2021,C24,D24+1) -> 44281 | Q24: =IF(A24=C24,"Informe "&D24-B24+1&" días ( "&D24-B24&" reales y 1 proyectado); Reales del "&B24&"/"&C24&" al "&D24-1&"/"&A24&" ,Proyectado "&D24&"/"&A24,"Informe "&DAY(EOMONTH(K24,0))-B24+D24+1&" días ( "&DAY(EOMONTH(K24,0))-B24+D24&" reales y 1 proyectado); Reales del "&B24&"/"&A24&" al "&D24-1&"/"&C24&" ,Proyectado "&D24&"/"&C24) -> Informe 7 días ( 6 reales y 1 proyectado); Reales del 19/3 al 24/3 ,Proyectado 25/3
H25: =1+N24 -> 44284 | I25: =+H25+1 -> 44285 | J25: =+I25+1 -> 44286
A28: desde | C28: hasta | E28: largo | F28: # week | H28: ABRIL | P28: FECHA INFORME | Q28: DETALLES | R28: FERIADO
A29: m | B29: d | C29: m | D29: d | H29: L | I29: M | J29: M | K29: J | L29: V | M29: S | N29: D
A30: =+MONTH(L24) -> 3 | B30: =+DAY(L24) -> 26 | C30: =+MONTH(J25) -> 3 | D30: =+DAY(J25) -> 31 | E30: =IF(A30=C30,D30-B30+1,DAY(EOMONTH(I24,0))-B30+D30+1) -> 6 | F30: =F24+1 -> 13 | K30: =+J25+1 -> 44287 | L30: =+K30+1 -> 44288 | M30: =+L30+1 -> 44289 | N30: =+M30+1 -> 44290 | P30: =DATE(2021,C30,D30+1) -> 44287 | Q30: =IF(A30=C30,"Informe "&D30-B30+1&" días ( "&D30-B30&" reales y 1 proyectado); Reales del "&B30&"/"&C30&" al "&D30-1&"/"&A30&" ,Proyectado "&D30&"/"&A30,"Informe "&DAY(EOMONTH(K24,0))-B30+D30+1&" días ( "&DAY(EOMONTH(K24,0))-B30+D30&" reales y 1 proyectado); Reales del "&B30&"/"&A30&" al "&D30-1&"/"&C30&" ,Proyectado "&D30&"/"&C30) -> Informe 6 días ( 5 reales y 1 proyectado); Reales del 26/3 al 30/3 ,Proyectado 31/3 | R30: Viernes 02 de Abril: Viernes Santo
A31: =+MONTH(K30) -> 4 | B31: =+DAY(K30) -> 1 | C31: =+MONTH(K31) -> 4 | D31: =+DAY(K31) -> 8 | E31: =IF(A31=C31,D31-B31+1,DAY(EOMONTH(I31,0))-B31+D31+1) -> 8 | F31: =1+F30 -> 14 | H31: =1+N30 -> 44291 | I31: =+H31+1 -> 44292 | J31: =+I31+1 -> 44293 | K31: =+J31+1 -> 44294 | L31: =+K31+1 -> 44295 | M31: =+L31+1 -> 44296 | N31: =+M31+1 -> 44297 | P31: =DATE(2021,C31,D31+1) -> 44295 | Q31: =IF(A31=C31,"Informe "&D31-B31+1&" días ( "&D31-B31&" reales y 1 proyectado); Reales del "&B31&"/"&C31&" al "&D31-1&"/"&A31&" ,Proyectado "&D31&"/"&A31,"Informe "&DAY(EOMONTH(K31,0))-B31+D31+1&" días ( "&DAY(EOMONTH(K31,0))-B31+D31&" reales y 1 proyectado); Reales del "&B31&"/"&A31&" al "&D31-1&"/"&C31&" ,Proyectado "&D31&"/"&C31) -> Informe 8 días ( 7 reales y 1 proyectado); Reales del 1/4 al 7/4 ,Proyectado 8/4 | R31: Sábado 03 de Abril: Sábado Santo
A32: =+MONTH(L31) -> 4 | B32: =+DAY(L31) -> 9 | C32: =+MONTH(K32) -> 4 | D32: =+DAY(K32) -> 15 | E32: =IF(A32=C32,D32-B32+1,DAY(EOMONTH(I32,0))-B32+D32+1) -> 7 | F32: =1+F31 -> 15 | H32: =1+N31 -> 44298 | I32: =+H32+1 -> 44299 | J32: =+I32+1 -> 44300 | K32: =+J32+1 -> 44301 | L32: =+K32+1 -> 44302 | M32: =+L32+1 -> 44303 | N32: =+M32+1 -> 44304 | P32: =DATE(2021,C32,D32+1) -> 44302 | Q32: =IF(A32=C32,"Informe "&D32-B32+1&" días ( "&D32-B32&" reales y 1 proyectado); Reales del "&B32&"/"&C32&" al "&D32-1&"/"&A32&" ,Proyectado "&D32&"/"&A32,"Informe "&DAY(EOMONTH(K32,0))-B32+D32+1&" días ( "&DAY(EOMONTH(K32,0))-B32+D32&" reales y 1 proyectado); Reales del "&B32&"/"&A32&" al "&D32-1&"/"&C32&" ,Proyectado "&D32&"/"&C32) -> Informe 7 días ( 6 reales y 1 proyectado); Reales del 9/4 al 14/4 ,Proyectado 15/4 | R32: Domingo 04 de Abril: Domingo de Resurrección
A33: =+MONTH(L32) -> 4 | B33: =+DAY(L32) -> 16 | C33: =+MONTH(K33) -> 4 | D33: =+DAY(K33) -> 22 | E33: =IF(A33=C33,D33-B33+1,DAY(EOMONTH(I33,0))-B33+D33+1) -> 7 | F33: =1+F32 -> 16 | H33: =1+N32 -> 44305 | I33: =+H33+1 -> 44306 | J33: =+I33+1 -> 44307 | K33: =+J33+1 -> 44308 | L33: =+K33+1 -> 44309 | M33: =+L33+1 -> 44310 | N33: =+M33+1 -> 44311 | P33: =DATE(2021,C33,D33+1) -> 44309 | Q33: =IF(A33=C33,"Informe "&D33-B33+1&" días ( "&D33-B33&" reales y 1 proyectado); Reales del "&B33&"/"&C33&" al "&D33-1&"/"&A33&" ,Proyectado "&D33&"/"&A33,"Informe "&DAY(EOMONTH(K33,0))-B33+D33+1&" días ( "&DAY(EOMONTH(K33,0))-B33+D33&" reales y 1 proyectado); Reales del "&B33&"/"&A33&" al "&D33-1&"/"&C33&" ,Proyectado "&D33&"/"&C33) -> Informe 7 días ( 6 reales y 1 proyectado); Reales del 16/4 al 21/4 ,Proyectado 22/4
A34: =+MONTH(L33) -> 4 | B34: =+DAY(L33) -> 23 | C34: =+MONTH(J34) -> 4 | D34: =+DAY(K34) -> 29 | E34: =IF(A34=C34,D34-B34+1,DAY(EOMONTH(I34,0))-B34+D34+1) -> 7 | F34: =1+F33 -> 17 | H34: =1+N33 -> 44312 | I34: =+H34+1 -> 44313 | J34: =+I34+1 -> 44314 | K34: 44315 | L34: 44316 | P34: =DATE(2021,C34,D34+1) -> 44316 | Q34: =IF(A34=C34,"Informe "&D34-B34+1&" días ( "&D34-B34&" reales y 1 proyectado); Reales del "&B34&"/"&C34&" al "&D34-1&"/"&A34&" ,Proyectado "&D34&"/"&A34,"Informe "&DAY(EOMONTH(K34,0))-B34+D34+1&" días ( "&DAY(EOMONTH(K34,0))-B34+D34&" reales y 1 proyectado); Reales del "&B34&"/"&A34&" al "&D34-1&"/"&C34&" ,Proyectado "&D34&"/"&C34) -> Informe 7 días ( 6 reales y 1 proyectado); Reales del 23/4 al 28/4 ,Proyectado 29/4
A36: desde | C36: hasta | E36: largo | F36: # week | H36: MAYO | P36: FECHA INFORME | Q36: DETALLES | R36: FERIADO
A37: m | B37: d | C37: m | D37: d | H37: L | I37: M | J37: M | K37: J | L37: V | M37: S | N37: D
M38: =+L34+1 -> 44317 | N38: =+M38+1 -> 44318 | R38: Sábado 1 de Mayo: Día del Trabajador
A39: =+MONTH(K34) -> 4 | B39: =+DAY(L34) -> 30 | C39: =+MONTH(K39) -> 5 | D39: =+DAY(K39) -> 6 | E39: =IF(A39=C39,D39-B39+1,DAY(EOMONTH(I34,0))-B39+D39+1) -> 7 | F39: =1+F34 -> 18 | H39: =1+N38 -> 44319 | I39: =+H39+1 -> 44320 | J39: =+I39+1 -> 44321 | K39: =+J39+1 -> 44322 | L39: =+K39+1 -> 44323 | M39: =+L39+1 -> 44324 | N39: =+M39+1 -> 44325 | P39: =DATE(2021,C39,D39+1) -> 44323 | Q39: =IF(A39=C39,"Informe "&D39-B39+1&" días ( "&D39-B39&" reales y 1 proyectado); Reales del "&B39&"/"&C39&" al "&D39-1&"/"&A39&" ,Proyectado "&D39&"/"&A39,"Informe "&DAY(EOMONTH(K33,0))-B39+D39+1&" días ( "&DAY(EOMONTH(K33,0))-B39+D39&" reales y 1 proyectado); Reales del "&B39&"/"&A39&" al "&D39-1&"/"&C39&" ,Proyectado "&D39&"/"&C39) -> Informe 7 días ( 6 reales y 1 proyectado); Reales del 30/4 al 5/5 ,Proyectado 6/5
A40: =+MONTH(L39) -> 5 | B40: =+DAY(L39) -> 7 | C40: =+MONTH(K40) -> 5 | D40: =+DAY(K40) -> 13 | E40: =IF(A40=C40,D40-B40+1,DAY(EOMONTH(I40,0))-B40+D40+1) -> 7 | F40: =1+F39 -> 19 | H40: =1+N39 -> 44326 | I40: =+H40+1 -> 44327 | J40: =+I40+1 -> 44328 | K40: =+J40+1 -> 44329 | L40: =+K40+1 -> 44330 | M40: =+L40+1 -> 44331 | N40: =+M40+1 -> 44332 | P40: =DATE(2021,C40,D40+1) -> 44330 | Q40: =IF(A40=C40,"Informe "&D40-B40+1&" días ( "&D40-B40&" reales y 1 proyectado); Reales del "&B40&"/"&C40&" al "&D40-1&"/"&A40&" ,Proyectado "&D40&"/"&A40,"Informe "&DAY(EOMONTH(K40,0))-B40+D40+1&" días ( "&DAY(EOMONTH(K40,0))-B40+D40&" reales y 1 proyectado); Reales del "&B40&"/"&A40&" al "&D40-1&"/"&C40&" ,Proyectado "&D40&"/"&C40) -> Informe 7 días ( 6 reales y 1 proyectado); Reales del 7/5 al 12/5 ,Proyectado 13/5
A41: =+MONTH(L40) -> 5 | B41: =+DAY(L40) -> 14 | C41: =+MONTH(K41) -> 5 | D41: =+DAY(J41) -> 19 | E41: =IF(A41=C41,D41-B41+1,DAY(EOMONTH(I41,0))-B41+D41+1) -> 6 | F41: =1+F40 -> 20 | H41: =1+N40 -> 44333 | I41: =+H41+1 -> 44334 | J41: =+I41+1 -> 44335 | K41: =+J41+1 -> 44336 | L41: =+K41+1 -> 44337 | M41: =+L41+1 -> 44338 | N41: =+M41+1 -> 44339 | P41: =DATE(2021,C41,D41+1) -> 44336 | Q41: =IF(A41=C41,"Informe "&D41-B41+1&" días ( "&D41-B41&" reales y 1 proyectado); Reales del "&B41&"/"&C41&" al "&D41-1&"/"&A41&" ,Proyectado "&D41&"/"&A41,"Informe "&DAY(EOMONTH(K41,0))-B41+D41+1&" días ( "&DAY(EOMONTH(K41,0))-B41+D41&" reales y 1 proyectado); Reales del "&B41&"/"&A41&" al "&D41-1&"/"&C41&" ,Proyectado "&D41&"/"&C41) -> Informe 6 días ( 5 reales y 1 proyectado); Reales del 14/5 al 18/5 ,Proyectado 19/5 | R41: Viernes 21 de Mayo: Día de las Glorias Navales
A42: =+MONTH(J41) -> 5 | B42: =+DAY(K41) -> 20 | C42: =+MONTH(K42) -> 5 | D42: =+DAY(K42) -> 27 | E42: =IF(A42=C42,D42-B42+1,DAY(EOMONTH(I42,0))-B42+D42+1) -> 8 | F42: =1+F41 -> 21 | H42: =1+N41 -> 44340 | I42: =+H42+1 -> 44341 | J42: =+I42+1 -> 44342 | K42: =+J42+1 -> 44343 | L42: =+K42+1 -> 44344 | M42: =+L42+1 -> 44345 | N42: =+M42+1 -> 44346 | P42: =DATE(2021,C42,D42+1) -> 44344 | Q42: =IF(A42=C42,"Informe "&D42-B42+1&" días ( "&D42-B42&" reales y 1 proyectado); Reales del "&B42&"/"&C42&" al "&D42-1&"/"&A42&" ,Proyectado "&D42&"/"&A42,"Informe "&DAY(EOMONTH(K42,0))-B42+D42+1&" días ( "&DAY(EOMONTH(K42,0))-B42+D42&" reales y 1 proyectado); Reales del "&B42&"/"&A42&" al "&D42-1&"/"&C42&" ,Proyectado "&D42&"/"&C42) -> Informe 8 días ( 7 reales y 1 proyectado); Reales del 20/5 al 26/5 ,Proyectado 27/5
H43: =1+N42 -> 44347
A45: desde | C45: hasta | E45: largo | F45: # week | H45: JUNIO | P45: FECHA INFORME | Q45: DETALLES | R45: FERIADO
A46: m | B46: d | C46: m | D46: d | H46: L | I46: M | J46: M | K46: J | L46: V | M46: S | N46: D
A47: =+MONTH(L42) -> 5 | B47: =+DAY(L42) -> 28 | C47: =+MONTH(K47) -> 6 | D47: =+DAY(K47) -> 3 | E47: =IF(A47=C47,D47-B47+1,DAY(EOMONTH(I41,0))-B47+D47+1) -> 7 | F47: =F42+1 -> 22 | I47: =+H43+1 -> 44348 | J47: =+I47+1 -> 44349 | K47: =+J47+1 -> 44350 | L47: =+K47+1 -> 44351 | M47: =+L47+1 -> 44352 | N47: =+M47+1 -> 44353 | P47: =DATE(2021,C47,D47+1) -> 44351 | Q47: =IF(A47=C47,"Informe "&D47-B47+1&" días ( "&D47-B47&" reales y 1 proyectado); Reales del "&B47&"/"&C47&" al "&D47-1&"/"&A47&" ,Proyectado "&D47&"/"&A47,"Informe "&DAY(EOMONTH(L42,0))-B47+D47+1&" días ( "&DAY(EOMONTH(L42,0))-B47+D47&" reales y 1 proyectado); Reales del "&B47&"/"&A47&" al "&D47-1&"/"&C47&" ,Proyectado "&D47&"/"&C47) -> Informe 7 días ( 6 reales y 1 proyectado); Reales del 28/5 al 2/6 ,Proyectado 3/6
A48: =+MONTH(L47) -> 6 | B48: =+DAY(L47) -> 4 | C48: =+MONTH(K48) -> 6 | D48: =+DAY(K48) -> 10 | E48: =IF(A48=C48,D48-B48+1,DAY(EOMONTH(I48,0))-B48+D48+1) -> 7 | F48: =1+F47 -> 23 | H48: =1+N47 -> 44354 | I48: =+H48+1 -> 44355 | J48: =+I48+1 -> 44356 | K48: =+J48+1 -> 44357 | L48: =+K48+1 -> 44358 | M48: =+L48+1 -> 44359 | N48: =+M48+1 -> 44360 | P48: =DATE(2021,C48,D48+1) -> 44358 | Q48: =IF(A48=C48,"Informe "&D48-B48+1&" días ( "&D48-B48&" reales y 1 proyectado); Reales del "&B48&"/"&C48&" al "&D48-1&"/"&A48&" ,Proyectado "&D48&"/"&A48,"Informe "&DAY(EOMONTH(L43,0))-B48+D48+1&" días ( "&DAY(EOMONTH(L43,0))-B48+D48&" reales y 1 proyectado); Reales del "&B48&"/"&A48&" al "&D48-1&"/"&C48&" ,Proyectado "&D48&"/"&C48) -> Informe 7 días ( 6 reales y 1 proyectado); Reales del 4/6 al 9/6 ,Proyectado 10/6
A49: =+MONTH(L48) -> 6 | B49: =+DAY(L48) -> 11 | C49: =+MONTH(K49) -> 6 | D49: =+DAY(K49) -> 17 | E49: =IF(A49=C49,D49-B49+1,DAY(EOMONTH(I49,0))-B49+D49+1) -> 7 | F49: =1+F48 -> 24 | H49: =1+N48 -> 44361 | I49: =+H49+1 -> 44362 | J49: =+I49+1 -> 44363 | K49: =+J49+1 -> 44364 | L49: =+K49+1 -> 44365 | M49: =+L49+1 -> 44366 | N49: =+M49+1 -> 44367 | P49: =DATE(2021,C49,D49+1) -> 44365 | Q49: =IF(A49=C49,"Informe "&D49-B49+1&" días ( "&D49-B49&" reales y 1 proyectado); Reales del "&B49&"/"&C49&" al "&D49-1&"/"&A49&" ,Proyectado "&D49&"/"&A49,"Informe "&DAY(EOMONTH(L44,0))-B49+D49+1&" días ( "&DAY(EOMONTH(L44,0))-B49+D49&" reales y 1 proyectado); Reales del "&B49&"/"&A49&" al "&D49-1&"/"&C49&" ,Proyectado "&D49&"/"&C49) -> Informe 7 días ( 6 reales y 1 proyectado); Reales del 11/6 al 16/6 ,Proyectado 17/6
A50: =+MONTH(L49) -> 6 | B50: =+DAY(L49) -> 18 | C50: =+MONTH(K50) -> 6 | D50: =+DAY(K50) -> 24 | E50: =IF(A50=C50,D50-B50+1,DAY(EOMONTH(I50,0))-B50+D50+1) -> 7 | F50: =1+F49 -> 25 | H50: =1+N49 -> 44368 | I50: =+H50+1 -> 44369 | J50: =+I50+1 -> 44370 | K50: =+J50+1 -> 44371 | L50: =+K50+1 -> 44372 | M50: =+L50+1 -> 44373 | N50: =+M50+1 -> 44374 | P50: =DATE(2021,C50,D50+1) -> 44372 | Q50: =IF(A50=C50,"Informe "&D50-B50+1&" días ( "&D50-B50&" reales y 1 proyectado); Reales del "&B50&"/"&C50&" al "&D50-1&"/"&A50&" ,Proyectado "&D50&"/"&A50,"Informe "&DAY(EOMONTH(L45,0))-B50+D50+1&" días ( "&DAY(EOMONTH(L45,0))-B50+D50&" reales y 1 proyectado); Reales del "&B50&"/"&A50&" al "&D50-1&"/"&C50&" ,Proyectado "&D50&"/"&C50) -> Informe 7 días ( 6 reales y 1 proyectado); Reales del 18/6 al 23/6 ,Proyectado 24/6
F51: =1+F50 -> 26 | H51: =1+N50 -> 44375 | I51: =+H51+1 -> 44376 | J51: 44377 | R51: Lunes 28 de Junio: San Pedro y San Pablo
H53: INFORME SEMANAL | R53: =R1 -> 46139
A54: CORTES | H54: PROGRAMACION 2021 | R54: =R2 -> versión 0.0
A56: desde | C56: hasta | E56: largo | F56: # week | H56: JULIO | P56: FECHA INFORME | Q56: DETALLES | R56: FERIADO
A57: m | B57: d | C57: m | D57: d | H57: L | I57: M | J57: M | K57: J | L57: V | M57: S | N57: D
A58: =+MONTH(L50) -> 6 | B58: =+DAY(L50) -> 25 | C58: =+MONTH(K58) -> 7 | D58: =+DAY(K58) -> 1 | E58: =IF(A58=C58,D58-B58+1,DAY(EOMONTH(I50,0))-B58+D58+1) -> 7 | F58: =+F51 -> 26 | K58: =1+J51 -> 44378 | L58: =+K58+1 -> 44379 | M58: =+L58+1 -> 44380 | N58: =+M58+1 -> 44381 | P58: =DATE(2021,C58,D58+1) -> 44379 | Q58: =IF(A58=C58,"Informe "&D58-B58+1&" días ( "&D58-B58&" reales y 1 proyectado); Reales del "&B58&"/"&C58&" al "&D58-1&"/"&A58&" ,Proyectado "&D58&"/"&A58,"Informe "&DAY(EOMONTH(L50,0))-B58+D58+1&" días ( "&DAY(EOMONTH(L50,0))-B58+D58&" reales y 1 proyectado); Reales del "&B58&"/"&A58&" al "&D58-1&"/"&C58&" ,Proyectado "&D58&"/"&C58) -> Informe 7 días ( 6 reales y 1 proyectado); Reales del 25/6 al 0/7 ,Proyectado 1/7
A59: =+MONTH(L58) -> 7 | B59: =+DAY(L58) -> 2 | C59: =+MONTH(K59) -> 7 | D59: =+DAY(K59) -> 8 | E59: =IF(A59=C59,D59-B59+1,DAY(EOMONTH(I59,0))-B59+D59+1) -> 7 | F59: =1+F58 -> 27 | H59: =1+N58 -> 44382 | I59: =+H59+1 -> 44383 | J59: =+I59+1 -> 44384 | K59: =+J59+1 -> 44385 | L59: =+K59+1 -> 44386 | M59: =+L59+1 -> 44387 | N59: =+M59+1 -> 44388 | P59: =DATE(2021,C59,D59+1) -> 44386 | Q59: =IF(A59=C59,"Informe "&D59-B59+1&" días ( "&D59-B59&" reales y 1 proyectado); Reales del "&B59&"/"&C59&" al "&D59-1&"/"&A59&" ,Proyectado "&D59&"/"&A59,"Informe "&DAY(EOMONTH(K59,0))-B59+D59+1&" días ( "&DAY(EOMONTH(K59,0))-B59+D59&" reales y 1 proyectado); Reales del "&B59&"/"&A59&" al "&D59-1&"/"&C59&" ,Proyectado "&D59&"/"&C59) -> Informe 7 días ( 6 reales y 1 proyectado); Reales del 2/7 al 7/7 ,Proyectado 8/7
A60: =+MONTH(L59) -> 7 | B60: =+DAY(L59) -> 9 | C60: =+MONTH(J60) -> 7 | D60: =+DAY(J60) -> 14 | E60: =IF(A60=C60,D60-B60+1,DAY(EOMONTH(I60,0))-B60+D60+1) -> 6 | F60: =1+F59 -> 28 | H60: =1+N59 -> 44389 | I60: =+H60+1 -> 44390 | J60: =+I60+1 -> 44391 | K60: =+J60+1 -> 44392 | L60: =+K60+1 -> 44393 | M60: =+L60+1 -> 44394 | N60: =+M60+1 -> 44395 | P60: =DATE(2021,C60,D60+1) -> 44392 | Q60: =IF(A60=C60,"Informe "&D60-B60+1&" días ( "&D60-B60&" reales y 1 proyectado); Reales del "&B60&"/"&C60&" al "&D60-1&"/"&A60&" ,Proyectado "&D60&"/"&A60,"Informe "&DAY(EOMONTH(K60,0))-B60+D60+1&" días ( "&DAY(EOMONTH(K60,0))-B60+D60&" reales y 1 proyectado); Reales del "&B60&"/"&A60&" al "&D60-1&"/"&C60&" ,Proyectado "&D60&"/"&C60) -> Informe 6 días ( 5 reales y 1 proyectado); Reales del 9/7 al 13/7 ,Proyectado 14/7 | R60: Viernes 16 de Julio: Día de la Virgen del Carmen
A61: =+MONTH(K60) -> 7 | B61: =+DAY(K60) -> 15 | C61: =+MONTH(K61) -> 7 | D61: =+DAY(K61) -> 22 | E61: =IF(A61=C61,D61-B61+1,DAY(EOMONTH(I61,0))-B61+D61+1) -> 8 | F61: =1+F60 -> 29 | H61: =1+N60 -> 44396 | I61: =+H61+1 -> 44397 | J61: =+I61+1 -> 44398 | K61: =+J61+1 -> 44399 | L61: =+K61+1 -> 44400 | M61: =+L61+1 -> 44401 | N61: =+M61+1 -> 44402 | P61: =DATE(2021,C61,D61+1) -> 44400 | Q61: =IF(A61=C61,"Informe "&D61-B61+1&" días ( "&D61-B61&" reales y 1 proyectado); Reales del "&B61&"/"&C61&" al "&D61-1&"/"&A61&" ,Proyectado "&D61&"/"&A61,"Informe "&DAY(EOMONTH(K61,0))-B61+D61+1&" días ( "&DAY(EOMONTH(K61,0))-B61+D61&" reales y 1 proyectado); Reales del "&B61&"/"&A61&" al "&D61-1&"/"&C61&" ,Proyectado "&D61&"/"&C61) -> Informe 8 días ( 7 reales y 1 proyectado); Reales del 15/7 al 21/7 ,Proyectado 22/7
A62: =+MONTH(L61) -> 7 | B62: =+DAY(L61) -> 23 | C62: =+MONTH(K62) -> 7 | D62: =+DAY(K62) -> 29 | E62: =IF(A62=C62,D62-B62+1,DAY(EOMONTH(I62,0))-B62+D62+1) -> 7 | F62: =1+F61 -> 30 | H62: =1+N61 -> 44403 | I62: =+H62+1 -> 44404 | J62: =+I62+1 -> 44405 | K62: =+J62+1 -> 44406 | L62: =+K62+1 -> 44407 | M62: =+L62+1 -> 44408 | P62: =DATE(2021,C62,D62+1) -> 44407 | Q62: =IF(A62=C62,"Informe "&D62-B62+1&" días ( "&D62-B62&" reales y 1 proyectado); Reales del "&B62&"/"&C62&" al "&D62-1&"/"&A62&" ,Proyectado "&D62&"/"&A62,"Informe "&DAY(EOMONTH(K62,0))-B62+D62+1&" días ( "&DAY(EOMONTH(K62,0))-B62+D62&" reales y 1 proyectado); Reales del "&B62&"/"&A62&" al "&D62-1&"/"&C62&" ,Proyectado "&D62&"/"&C62) -> Informe 7 días ( 6 reales y 1 proyectado); Reales del 23/7 al 28/7 ,Proyectado 29/7
H64: AGOSTO | P64: FECHA INFORME | Q64: DETALLES | R64: FERIADO
H65: L | I65: M | J65: M | K65: J | L65: V | M65: S | N65: D
F66: =+F62 -> 30 | N66: =1+M62 -> 44409
A67: =+MONTH(L62) -> 7 | B67: =+DAY(L62) -> 30 | C67: =+MONTH(K67) -> 8 | D67: =+DAY(K67) -> 5 | E67: =IF(A67=C67,D67-B67+1,DAY(EOMONTH(I62,0))-B67+D67+1) -> 7 | F67: =1+F66 -> 31 | H67: =1+N66 -> 44410 | I67: =+H67+1 -> 44411 | J67: =+I67+1 -> 44412 | K67: =+J67+1 -> 44413 | L67: =+K67+1 -> 44414 | M67: =+L67+1 -> 44415 | N67: =+M67+1 -> 44416 | P67: =DATE(2021,C67,D67+1) -> 44414 | Q67: =IF(A67=C67,"Informe "&D67-B67+1&" días ( "&D67-B67&" reales y 1 proyectado); Reales del "&B67&"/"&C67&" al "&D67-1&"/"&A67&" ,Proyectado "&D67&"/"&A67,"Informe "&DAY(EOMONTH(K67,0))-B67+D67+1&" días ( "&DAY(EOMONTH(K67,0))-B67+D67&" reales y 1 proyectado); Reales del "&B67&"/"&A67&" al "&D67-1&"/"&C67&" ,Proyectado "&D67&"/"&C67) -> Informe 7 días ( 6 reales y 1 proyectado); Reales del 30/7 al 4/8 ,Proyectado 5/8
A68: =+MONTH(L67) -> 8 | B68: =+DAY(L67) -> 6 | C68: =+MONTH(K68) -> 8 | D68: =+DAY(K68) -> 12 | E68: =IF(A68=C68,D68-B68+1,DAY(EOMONTH(I68,0))-B68+D68+1) -> 7 | F68: =1+F67 -> 32 | H68: =1+N67 -> 44417 | I68: =+H68+1 -> 44418 | J68: =+I68+1 -> 44419 | K68: =+J68+1 -> 44420 | L68: =+K68+1 -> 44421 | M68: =+L68+1 -> 44422 | N68: =+M68+1 -> 44423 | P68: =DATE(2021,C68,D68+1) -> 44421 | Q68: =IF(A68=C68,"Informe "&D68-B68+1&" días ( "&D68-B68&" reales y 1 proyectado); Reales del "&B68&"/"&C68&" al "&D68-1&"/"&A68&" ,Proyectado "&D68&"/"&A68,"Informe "&DAY(EOMONTH(K68,0))-B68+D68+1&" días ( "&DAY(EOMONTH(K68,0))-B68+D68&" reales y 1 proyectado); Reales del "&B68&"/"&A68&" al "&D68-1&"/"&C68&" ,Proyectado "&D68&"/"&C68) -> Informe 7 días ( 6 reales y 1 proyectado); Reales del 6/8 al 11/8 ,Proyectado 12/8 | R68: Domingo 15 de Agosto: Asunción de la Virgen
A69: =+MONTH(L68) -> 8 | B69: =+DAY(L68) -> 13 | C69: =+MONTH(K69) -> 8 | D69: =+DAY(K69) -> 19 | E69: =IF(A69=C69,D69-B69+1,DAY(EOMONTH(I69,0))-B69+D69+1) -> 7 | F69: =1+F68 -> 33 | H69: =1+N68 -> 44424 | I69: =+H69+1 -> 44425 | J69: =+I69+1 -> 44426 | K69: =+J69+1 -> 44427 | L69: =+K69+1 -> 44428 | M69: =+L69+1 -> 44429 | N69: =+M69+1 -> 44430 | P69: =DATE(2021,C69,D69+1) -> 44428 | Q69: =IF(A69=C69,"Informe "&D69-B69+1&" días ( "&D69-B69&" reales y 1 proyectado); Reales del "&B69&"/"&C69&" al "&D69-1&"/"&A69&" ,Proyectado "&D69&"/"&A69,"Informe "&DAY(EOMONTH(K69,0))-B69+D69+1&" días ( "&DAY(EOMONTH(K69,0))-B69+D69&" reales y 1 proyectado); Reales del "&B69&"/"&A69&" al "&D69-1&"/"&C69&" ,Proyectado "&D69&"/"&C69) -> Informe 7 días ( 6 reales y 1 proyectado); Reales del 13/8 al 18/8 ,Proyectado 19/8
A70: =+MONTH(L69) -> 8 | B70: =+DAY(L69) -> 20 | C70: =+MONTH(K70) -> 8 | D70: =+DAY(K70) -> 26 | E70: =IF(A70=C70,D70-B70+1,DAY(EOMONTH(I70,0))-B70+D70+1) -> 7 | F70: =1+F69 -> 34 | H70: =1+N69 -> 44431 | I70: =+H70+1 -> 44432 | J70: =+I70+1 -> 44433 | K70: =+J70+1 -> 44434 | L70: =+K70+1 -> 44435 | M70: =+L70+1 -> 44436 | N70: =+M70+1 -> 44437 | P70: =DATE(2021,C70,D70+1) -> 44435 | Q70: =IF(A70=C70,"Informe "&D70-B70+1&" días ( "&D70-B70&" reales y 1 proyectado); Reales del "&B70&"/"&C70&" al "&D70-1&"/"&A70&" ,Proyectado "&D70&"/"&A70,"Informe "&DAY(EOMONTH(K70,0))-B70+D70+1&" días ( "&DAY(EOMONTH(K70,0))-B70+D70&" reales y 1 proyectado); Reales del "&B70&"/"&A70&" al "&D70-1&"/"&C70&" ,Proyectado "&D70&"/"&C70) -> Informe 7 días ( 6 reales y 1 proyectado); Reales del 20/8 al 25/8 ,Proyectado 26/8
F71: =1+F70 -> 35 | H71: =1+N70 -> 44438 | I71: =1+H71 -> 44439
H73: SEPTIEMBRE | P73: FECHA INFORME | Q73: DETALLES | R73: FERIADO
H74: L | I74: M | J74: M | K74: J | L74: V | M74: S | N74: D
A75: =+MONTH(L70) -> 8 | B75: =+DAY(L70) -> 27 | C75: =+MONTH(K75) -> 9 | D75: =+DAY(K75) -> 2 | E75: =IF(A75=C75,D75-B75+1,DAY(EOMONTH(I70,0))-B75+D75+1) -> 7 | F75: =+F71 -> 35 | J75: =+I71+1 -> 44440 | K75: =+J75+1 -> 44441 | L75: =+K75+1 -> 44442 | M75: =+L75+1 -> 44443 | N75: =+M75+1 -> 44444 | P75: =DATE(2021,C75,D75+1) -> 44442 | Q75: =IF(A75=C75,"Informe "&D75-B75+1&" días ( "&D75-B75&" reales y 1 proyectado); Reales del "&B75&"/"&C75&" al "&D75-1&"/"&A75&" ,Proyectado "&D75&"/"&A75,"Informe "&DAY(EOMONTH(L70,0))-B75+D75+1&" días ( "&DAY(EOMONTH(L70,0))-B75+D75&" reales y 1 proyectado); Reales del "&B75&"/"&A75&" al "&D75-1&"/"&C75&" ,Proyectado "&D75&"/"&C75) -> Informe 7 días ( 6 reales y 1 proyectado); Reales del 27/8 al 1/9 ,Proyectado 2/9
A76: =+MONTH(L75) -> 9 | B76: =+DAY(L75) -> 3 | C76: =+MONTH(K76) -> 9 | D76: =+DAY(K76) -> 9 | E76: =IF(A76=C76,D76-B76+1,DAY(EOMONTH(I76,0))-B76+D76+1) -> 7 | F76: =1+F75 -> 36 | H76: =1+N75 -> 44445 | I76: =+H76+1 -> 44446 | J76: =+I76+1 -> 44447 | K76: =+J76+1 -> 44448 | L76: =+K76+1 -> 44449 | M76: =+L76+1 -> 44450 | N76: =+M76+1 -> 44451 | P76: =DATE(2021,C76,D76+1) -> 44449 | Q76: =IF(A76=C76,"Informe "&D76-B76+1&" días ( "&D76-B76&" reales y 1 proyectado); Reales del "&B76&"/"&C76&" al "&D76-1&"/"&A76&" ,Proyectado "&D76&"/"&A76,"Informe "&DAY(EOMONTH(K76,0))-B76+D76+1&" días ( "&DAY(EOMONTH(K76,0))-B76+D76&" reales y 1 proyectado); Reales del "&B76&"/"&A76&" al "&D76-1&"/"&C76&" ,Proyectado "&D76&"/"&C76) -> Informe 7 días ( 6 reales y 1 proyectado); Reales del 3/9 al 8/9 ,Proyectado 9/9
A77: =+MONTH(L76) -> 9 | B77: =+DAY(L76) -> 10 | C77: =+MONTH(K77) -> 9 | D77: =+DAY(K77) -> 16 | E77: =IF(A77=C77,D77-B77+1,DAY(EOMONTH(I77,0))-B77+D77+1) -> 7 | F77: =1+F76 -> 37 | H77: =1+N76 -> 44452 | I77: =+H77+1 -> 44453 | J77: =+I77+1 -> 44454 | K77: =+J77+1 -> 44455 | L77: =+K77+1 -> 44456 | M77: =+L77+1 -> 44457 | N77: =+M77+1 -> 44458 | P77: =DATE(2021,C77,D77+1) -> 44456 | Q77: =IF(A77=C77,"Informe "&D77-B77+1&" días ( "&D77-B77&" reales y 1 proyectado); Reales del "&B77&"/"&C77&" al "&D77-1&"/"&A77&" ,Proyectado "&D77&"/"&A77,"Informe "&DAY(EOMONTH(K77,0))-B77+D77+1&" días ( "&DAY(EOMONTH(K77,0))-B77+D77&" reales y 1 proyectado); Reales del "&B77&"/"&A77&" al "&D77-1&"/"&C77&" ,Proyectado "&D77&"/"&C77) -> Informe 7 días ( 6 reales y 1 proyectado); Reales del 10/9 al 15/9 ,Proyectado 16/9 | R77: Sábado 18 de Septiembre: Independencia
A78: =+MONTH(L77) -> 9 | B78: =+DAY(L77) -> 17 | C78: =+MONTH(K78) -> 9 | D78: =+DAY(K78) -> 23 | E78: =IF(A78=C78,D78-B78+1,DAY(EOMONTH(I78,0))-B78+D78+1) -> 7 | F78: =1+F77 -> 38 | H78: =1+N77 -> 44459 | I78: =+H78+1 -> 44460 | J78: =+I78+1 -> 44461 | K78: =+J78+1 -> 44462 | L78: =+K78+1 -> 44463 | M78: =+L78+1 -> 44464 | N78: =+M78+1 -> 44465 | P78: =DATE(2021,C78,D78+1) -> 44463 | Q78: =IF(A78=C78,"Informe "&D78-B78+1&" días ( "&D78-B78&" reales y 1 proyectado); Reales del "&B78&"/"&C78&" al "&D78-1&"/"&A78&" ,Proyectado "&D78&"/"&A78,"Informe "&DAY(EOMONTH(K78,0))-B78+D78+1&" días ( "&DAY(EOMONTH(K78,0))-B78+D78&" reales y 1 proyectado); Reales del "&B78&"/"&A78&" al "&D78-1&"/"&C78&" ,Proyectado "&D78&"/"&C78) -> Informe 7 días ( 6 reales y 1 proyectado); Reales del 17/9 al 22/9 ,Proyectado 23/9 | R78: Domingo 19 de Septiembre: Día de las Glorias del Ejército
A79: =+MONTH(L78) -> 9 | B79: =+DAY(L78) -> 24 | C79: =+MONTH(J79) -> 9 | D79: =+DAY(K79) -> 30 | F79: =1+F78 -> 39 | H79: =1+N78 -> 44466 | I79: =+H79+1 -> 44467 | J79: =+I79+1 -> 44468 | K79: =+J79+1 -> 44469
H81: OCTUBRE | P81: FECHA INFORME | Q81: DETALLES | R81: FERIADO
H82: L | I82: M | J82: M | K82: J | L82: V | M82: S | N82: D
A83: =+MONTH(L78) -> 9 | B83: =+DAY(L78) -> 24 | C83: =+MONTH(K79) -> 9 | D83: =+DAY(K79) -> 30 | E83: =IF(A83=C83,D83-B83+1,DAY(EOMONTH(L78,0))-B83+D83+1) -> 7 | F83: =+F79 -> 39 | L83: =+K79+1 -> 44470 | M83: =+L83+1 -> 44471 | N83: =+M83+1 -> 44472 | P83: =DATE(2021,C83,D83+1) -> 44470 | Q83: =IF(A83=C83,"Informe "&D83-B83+1&" días ( "&D83-B83&" reales y 1 proyectado); Reales del "&B83&"/"&C83&" al "&D83-1&"/"&A83&" ,Proyectado "&D83&"/"&A83,"Informe "&DAY(EOMONTH(L78,0))-B83+D83+1&" días ( "&DAY(EOMONTH(L78,0))-B83+D83&" reales y 1 proyectado); Reales del "&B83&"/"&A83&" al "&D79&"/"&C83&" ,Proyectado "&D83&"/"&C83) -> Informe 7 días ( 6 reales y 1 proyectado); Reales del 24/9 al 29/9 ,Proyectado 30/9
A84: =+MONTH(L83) -> 10 | B84: =+DAY(L83) -> 1 | C84: =+MONTH(K84) -> 10 | D84: =+DAY(K84) -> 7 | E84: =IF(A84=C84,D84-B84+1,DAY(EOMONTH(I84,0))-B84+D84+1) -> 7 | F84: =1+F83 -> 40 | H84: =1+N83 -> 44473 | I84: =+H84+1 -> 44474 | J84: =+I84+1 -> 44475 | K84: =+J84+1 -> 44476 | L84: =+K84+1 -> 44477 | M84: =+L84+1 -> 44478 | N84: =+M84+1 -> 44479 | P84: =DATE(2021,C84,D84+1) -> 44477 | Q84: =IF(A84=C84,"Informe "&D84-B84+1&" días ( "&D84-B84&" reales y 1 proyectado); Reales del "&B84&"/"&C84&" al "&D84-1&"/"&A84&" ,Proyectado "&D84&"/"&A84,"Informe "&DAY(EOMONTH(K84,0))-B84+D84+1&" días ( "&DAY(EOMONTH(K84,0))-B84+D84&" reales y 1 proyectado); Reales del "&B84&"/"&A84&" al "&D84-1&"/"&C84&" ,Proyectado "&D84&"/"&C84) -> Informe 7 días ( 6 reales y 1 proyectado); Reales del 1/10 al 6/10 ,Proyectado 7/10
A85: =+MONTH(L84) -> 10 | B85: =+DAY(L84) -> 8 | C85: =+MONTH(K85) -> 10 | D85: =+DAY(K85) -> 14 | E85: =IF(A85=C85,D85-B85+1,DAY(EOMONTH(I85,0))-B85+D85+1) -> 7 | F85: =1+F84 -> 41 | H85: =1+N84 -> 44480 | I85: =+H85+1 -> 44481 | J85: =+I85+1 -> 44482 | K85: =+J85+1 -> 44483 | L85: =+K85+1 -> 44484 | M85: =+L85+1 -> 44485 | N85: =+M85+1 -> 44486 | P85: =DATE(2021,C85,D85+1) -> 44484 | Q85: =IF(A85=C85,"Informe "&D85-B85+1&" días ( "&D85-B85&" reales y 1 proyectado); Reales del "&B85&"/"&C85&" al "&D85-1&"/"&A85&" ,Proyectado "&D85&"/"&A85,"Informe "&DAY(EOMONTH(K85,0))-B85+D85+1&" días ( "&DAY(EOMONTH(K85,0))-B85+D85&" reales y 1 proyectado); Reales del "&B85&"/"&A85&" al "&D85-1&"/"&C85&" ,Proyectado "&D85&"/"&C85) -> Informe 7 días ( 6 reales y 1 proyectado); Reales del 8/10 al 13/10 ,Proyectado 14/10 | R85: Lunes 11 de Octubre: Día de la Raza
A86: =+MONTH(L85) -> 10 | B86: =+DAY(L85) -> 15 | C86: =+MONTH(K86) -> 10 | D86: =+DAY(K86) -> 21 | E86: =IF(A86=C86,D86-B86+1,DAY(EOMONTH(I86,0))-B86+D86+1) -> 7 | F86: =1+F85 -> 42 | H86: =1+N85 -> 44487 | I86: =+H86+1 -> 44488 | J86: =+I86+1 -> 44489 | K86: =+J86+1 -> 44490 | L86: =+K86+1 -> 44491 | M86: =+L86+1 -> 44492 | N86: =+M86+1 -> 44493 | P86: =DATE(2021,C86,D86+1) -> 44491 | Q86: =IF(A86=C86,"Informe "&D86-B86+1&" días ( "&D86-B86&" reales y 1 proyectado); Reales del "&B86&"/"&C86&" al "&D86-1&"/"&A86&" ,Proyectado "&D86&"/"&A86,"Informe "&DAY(EOMONTH(K86,0))-B86+D86+1&" días ( "&DAY(EOMONTH(K86,0))-B86+D86&" reales y 1 proyectado); Reales del "&B86&"/"&A86&" al "&D86-1&"/"&C86&" ,Proyectado "&D86&"/"&C86) -> Informe 7 días ( 6 reales y 1 proyectado); Reales del 15/10 al 20/10 ,Proyectado 21/10
A87: =+MONTH(L86) -> 10 | B87: =+DAY(L86) -> 22 | C87: =+MONTH(K87) -> 10 | D87: =+DAY(K87) -> 28 | E87: =IF(A87=C87,D87-B87+1,DAY(EOMONTH(I87,0))-B87+D87+1) -> 7 | F87: =1+F86 -> 43 | H87: =1+N86 -> 44494 | I87: =+H87+1 -> 44495 | J87: =+I87+1 -> 44496 | K87: =+J87+1 -> 44497 | L87: =+K87+1 -> 44498 | M87: =+L87+1 -> 44499 | N87: =+M87+1 -> 44500 | P87: =DATE(2021,C87,D87+1) -> 44498 | Q87: =IF(A87=C87,"Informe "&D87-B87+1&" días ( "&D87-B87&" reales y 1 proyectado); Reales del "&B87&"/"&C87&" al "&D87-1&"/"&A87&" ,Proyectado "&D87&"/"&A87,"Informe "&DAY(EOMONTH(K87,0))-B87+D87+1&" días ( "&DAY(EOMONTH(K87,0))-B87+D87&" reales y 1 proyectado); Reales del "&B87&"/"&A87&" al "&D87-1&"/"&C87&" ,Proyectado "&D87&"/"&C87) -> Informe 7 días ( 6 reales y 1 proyectado); Reales del 22/10 al 27/10 ,Proyectado 28/10 | R87: Domingo 31 de Octubre: Día de las Iglesias Evangélicas y Protestantes
H89: NOVIEMBRE | P89: FECHA INFORME | Q89: DETALLES | R89: FERIADO
H90: L | I90: M | J90: M | K90: J | L90: V | M90: S | N90: D
A91: =+MONTH(L87) -> 10 | B91: =+DAY(L87) -> 29 | C91: =+MONTH(K91) -> 11 | D91: =+DAY(K91) -> 4 | E91: =IF(A91=C91,D91-B91+1,DAY(EOMONTH(I87,0))-B91+D91+1) -> 7 | F91: =1+F87 -> 44 | H91: =1+N87 -> 44501 | I91: =+H91+1 -> 44502 | J91: =+I91+1 -> 44503 | K91: =+J91+1 -> 44504 | L91: =+K91+1 -> 44505 | M91: =+L91+1 -> 44506 | N91: =+M91+1 -> 44507 | P91: =DATE(2021,C91,D91+1) -> 44505 | Q91: =IF(A91=C91,"Informe "&D91-B91+1&" días ( "&D91-B91&" reales y 1 proyectado); Reales del "&B91&"/"&C91&" al "&D91-1&"/"&A91&" ,Proyectado "&D91&"/"&A91,"Informe "&DAY(EOMONTH(L87,0))-B91+D91+1&" días ( "&DAY(EOMONTH(L87,0))-B91+D91&" reales y 1 proyectado); Reales del "&B91&"/"&A91&" al "&D91-1&"/"&C91&" ,Proyectado "&D91&"/"&C91) -> Informe 7 días ( 6 reales y 1 proyectado); Reales del 29/10 al 3/11 ,Proyectado 4/11 | R91: Lunes 01 de Noviembre: Día de todos lo Santos
A92: =+MONTH(L91) -> 11 | B92: =+DAY(L91) -> 5 | C92: =+MONTH(K92) -> 11 | D92: =+DAY(K92) -> 11 | E92: =IF(A92=C92,D92-B92+1,DAY(EOMONTH(I92,0))-B92+D92+1) -> 7 | F92: =1+F91 -> 45 | H92: =1+N91 -> 44508 | I92: =+H92+1 -> 44509 | J92: =+I92+1 -> 44510 | K92: =+J92+1 -> 44511 | L92: =+K92+1 -> 44512 | M92: =+L92+1 -> 44513 | N92: =+M92+1 -> 44514 | P92: =DATE(2021,C92,D92+1) -> 44512 | Q92: =IF(A92=C92,"Informe "&D92-B92+1&" días ( "&D92-B92&" reales y 1 proyectado); Reales del "&B92&"/"&C92&" al "&D92-1&"/"&A92&" ,Proyectado "&D92&"/"&A92,"Informe "&DAY(EOMONTH(K92,0))-B92+D92+1&" días ( "&DAY(EOMONTH(K92,0))-B92+D92&" reales y 1 proyectado); Reales del "&B92&"/"&A92&" al "&D92-1&"/"&C92&" ,Proyectado "&D92&"/"&C92) -> Informe 7 días ( 6 reales y 1 proyectado); Reales del 5/11 al 10/11 ,Proyectado 11/11
A93: =+MONTH(L92) -> 11 | B93: =+DAY(L92) -> 12 | C93: =+MONTH(K93) -> 11 | D93: =+DAY(K93) -> 18 | E93: =IF(A93=C93,D93-B93+1,DAY(EOMONTH(I93,0))-B93+D93+1) -> 7 | F93: =1+F92 -> 46 | H93: =1+N92 -> 44515 | I93: =+H93+1 -> 44516 | J93: =+I93+1 -> 44517 | K93: =+J93+1 -> 44518 | L93: =+K93+1 -> 44519 | M93: =+L93+1 -> 44520 | N93: =+M93+1 -> 44521 | P93: =DATE(2021,C93,D93+1) -> 44519 | Q93: =IF(A93=C93,"Informe "&D93-B93+1&" días ( "&D93-B93&" reales y 1 proyectado); Reales del "&B93&"/"&C93&" al "&D93-1&"/"&A93&" ,Proyectado "&D93&"/"&A93,"Informe "&DAY(EOMONTH(K93,0))-B93+D93+1&" días ( "&DAY(EOMONTH(K93,0))-B93+D93&" reales y 1 proyectado); Reales del "&B93&"/"&A93&" al "&D93-1&"/"&C93&" ,Proyectado "&D93&"/"&C93) -> Informe 7 días ( 6 reales y 1 proyectado); Reales del 12/11 al 17/11 ,Proyectado 18/11
A94: =+MONTH(L93) -> 11 | B94: =+DAY(L93) -> 19 | C94: =+MONTH(K94) -> 11 | D94: =+DAY(K94) -> 25 | E94: =IF(A94=C94,D94-B94+1,DAY(EOMONTH(I94,0))-B94+D94+1) -> 7 | F94: =1+F93 -> 47 | H94: =1+N93 -> 44522 | I94: =+H94+1 -> 44523 | J94: =+I94+1 -> 44524 | K94: =+J94+1 -> 44525 | L94: =+K94+1 -> 44526 | M94: =+L94+1 -> 44527 | N94: =+M94+1 -> 44528 | P94: =DATE(2021,C94,D94+1) -> 44526 | Q94: =IF(A94=C94,"Informe "&D94-B94+1&" días ( "&D94-B94&" reales y 1 proyectado); Reales del "&B94&"/"&C94&" al "&D94-1&"/"&A94&" ,Proyectado "&D94&"/"&A94,"Informe "&DAY(EOMONTH(K94,0))-B94+D94+1&" días ( "&DAY(EOMONTH(K94,0))-B94+D94&" reales y 1 proyectado); Reales del "&B94&"/"&A94&" al "&D94-1&"/"&C94&" ,Proyectado "&D94&"/"&C94) -> Informe 7 días ( 6 reales y 1 proyectado); Reales del 19/11 al 24/11 ,Proyectado 25/11
F95: =1+F94 -> 48 | H95: =1+N94 -> 44529 | I95: 44530
H97: DICIEMBRE | P97: FECHA INFORME | Q97: DETALLES | R97: FERIADO
H98: L | I98: M | J98: M | K98: J | L98: V | M98: S | N98: D
A99: =+MONTH(L94) -> 11 | B99: =+DAY(L94) -> 26 | C99: =+MONTH(K99) -> 12 | D99: =+DAY(K99) -> 2 | E99: =IF(A99=C99,D99-B99+1,DAY(EOMONTH(I94,0))-B99+D99+1) -> 7 | F99: =+F95 -> 48 | J99: =+I95+1 -> 44531 | K99: =+J99+1 -> 44532 | L99: =+K99+1 -> 44533 | M99: =+L99+1 -> 44534 | N99: =+M99+1 -> 44535 | P99: =DATE(2021,C99,D99+1) -> 44533 | Q99: =IF(A99=C99,"Informe "&D99-B99+1&" días ( "&D99-B99&" reales y 1 proyectado); Reales del "&B99&"/"&C99&" al "&D99-1&"/"&A99&" ,Proyectado "&D99&"/"&A99,"Informe "&DAY(EOMONTH(L94,0))-B99+D99+1&" días ( "&DAY(EOMONTH(L94,0))-B99+D99&" reales y 1 proyectado); Reales del "&B99&"/"&A99&" al "&D99-1&"/"&C99&" ,Proyectado "&D99&"/"&C99) -> Informe 7 días ( 6 reales y 1 proyectado); Reales del 26/11 al 1/12 ,Proyectado 2/12 | R99: Miercoles 8 de Diciembre: Inmaculada Concepción
A100: =+MONTH(L99) -> 12 | B100: =+DAY(L99) -> 3 | C100: =+MONTH(K100) -> 12 | D100: =+DAY(K100) -> 9 | E100: =IF(A100=C100,D100-B100+1,DAY(EOMONTH(I100,0))-B100+D100+1) -> 7 | F100: =1+F99 -> 49 | H100: =1+N99 -> 44536 | I100: =+H100+1 -> 44537 | J100: =+I100+1 -> 44538 | K100: =+J100+1 -> 44539 | L100: =+K100+1 -> 44540 | M100: =+L100+1 -> 44541 | N100: =+M100+1 -> 44542 | P100: =DATE(2021,C100,D100+1) -> 44540 | Q100: =IF(A100=C100,"Informe "&D100-B100+1&" días ( "&D100-B100&" reales y 1 proyectado); Reales del "&B100&"/"&C100&" al "&D100-1&"/"&A100&" ,Proyectado "&D100&"/"&A100,"Informe "&DAY(EOMONTH(K100,0))-B100+D100+1&" días ( "&DAY(EOMONTH(K100,0))-B100+D100&" reales y 1 proyectado); Reales del "&B100&"/"&A100&" al "&D100-1&"/"&C100&" ,Proyectado "&D100&"/"&C100) -> Informe 7 días ( 6 reales y 1 proyectado); Reales del 3/12 al 8/12 ,Proyectado 9/12 | R100: Sábado 25 de Diciembre: Navidad
A101: =+MONTH(L100) -> 12 | B101: =+DAY(L100) -> 10 | C101: =+MONTH(K101) -> 12 | D101: =+DAY(K101) -> 16 | E101: =IF(A101=C101,D101-B101+1,DAY(EOMONTH(I101,0))-B101+D101+1) -> 7 | F101: =1+F100 -> 50 | H101: =1+N100 -> 44543 | I101: =+H101+1 -> 44544 | J101: =+I101+1 -> 44545 | K101: =+J101+1 -> 44546 | L101: =+K101+1 -> 44547 | M101: =+L101+1 -> 44548 | N101: =+M101+1 -> 44549 | P101: =DATE(2021,C101,D101+1) -> 44547 | Q101: =IF(A101=C101,"Informe "&D101-B101+1&" días ( "&D101-B101&" reales y 1 proyectado); Reales del "&B101&"/"&C101&" al "&D101-1&"/"&A101&" ,Proyectado "&D101&"/"&A101,"Informe "&DAY(EOMONTH(K101,0))-B101+D101+1&" días ( "&DAY(EOMONTH(K101,0))-B101+D101&" reales y 1 proyectado); Reales del "&B101&"/"&A101&" al "&D101-1&"/"&C101&" ,Proyectado "&D101&"/"&C101) -> Informe 7 días ( 6 reales y 1 proyectado); Reales del 10/12 al 15/12 ,Proyectado 16/12
A102: =+MONTH(L101) -> 12 | B102: =+DAY(L101) -> 17 | C102: =+MONTH(K102) -> 12 | D102: =+DAY(K102) -> 23 | E102: =IF(A102=C102,D102-B102+1,DAY(EOMONTH(I102,0))-B102+D102+1) -> 7 | F102: =1+F101 -> 51 | H102: =1+N101 -> 44550 | I102: =+H102+1 -> 44551 | J102: =+I102+1 -> 44552 | K102: =+J102+1 -> 44553 | L102: =+K102+1 -> 44554 | M102: =+L102+1 -> 44555 | N102: =+M102+1 -> 44556 | P102: =DATE(2021,C102,D102+1) -> 44554 | Q102: =IF(A102=C102,"Informe "&D102-B102+1&" días ( "&D102-B102&" reales y 1 proyectado); Reales del "&B102&"/"&C102&" al "&D102-1&"/"&A102&" ,Proyectado "&D102&"/"&A102,"Informe "&DAY(EOMONTH(K102,0))-B102+D102+1&" días ( "&DAY(EOMONTH(K102,0))-B102+D102&" reales y 1 proyectado); Reales del "&B102&"/"&A102&" al "&D102-1&"/"&C102&" ,Proyectado "&D102&"/"&C102) -> Informe 7 días ( 6 reales y 1 proyectado); Reales del 17/12 al 22/12 ,Proyectado 23/12
A103: =+MONTH(L102) -> 12 | B103: =+DAY(L102) -> 24 | C103: =+MONTH(K103) -> 12 | D103: =+DAY(K103) -> 30 | E103: =IF(A103=C103,D103-B103+1,DAY(EOMONTH(I103,0))-B103+D103+1) -> 7 | F103: =1+F102 -> 52 | H103: =1+N102 -> 44557 | I103: =+H103+1 -> 44558 | J103: =+I103+1 -> 44559 | K103: =+J103+1 -> 44560 | L103: =1+K103 -> 44561 | M103: =1+L103 -> 44562 | P103: =DATE(2021,C103,D103+1) -> 44561 | Q103: =IF(A103=C103,"Informe "&D103-B103+1&" días ( "&D103-B103&" reales y 1 proyectado); Reales del "&B103&"/"&C103&" al "&D103-1&"/"&A103&" ,Proyectado "&D103&"/"&A103,"Informe "&DAY(EOMONTH(K103,0))-B103+D103+1&" días ( "&DAY(EOMONTH(K103,0))-B103+D103&" reales y 1 proyectado); Reales del "&B103&"/"&A103&" al "&D103-1&"/"&C103&" ,Proyectado "&D103&"/"&C103) -> Informe 7 días ( 6 reales y 1 proyectado); Reales del 24/12 al 29/12 ,Proyectado 30/12 | R103: Sábado 01 de Enero: Año Nuevo

Sheet Calendario 2026
A1: 2026 | I1: INFORME SEMANAL | T1: =TODAY() -> 46139
A2: CORTES | I2: =+"PROGRAMACION "&A1 -> PROGRAMACION 2026 | T2: versión 0.0
A4: desde | C4: hasta | E4: largo | F4: # week | I4: ENERO | Q4: FECHA INFORME | R4: N° SEMANA | S4: DETALLES | T4: FERIADO
A5: m | B5: d | C5: m | D5: d | I5: L | J5: M | K5: M | L5: J | M5: V | N5: S | O5: D
K6: 46022 | L6: 46023 | M6: =L6+1 -> 46024 | N6: =M6+1 -> 46025 | O6: =N6+1 -> 46026 | T6: Jueves 1 de Enero: Año Nuevo
A7: =+MONTH(K6) -> 12 | B7: =+DAY(K6) -> 31 | C7: =+MONTH(L7) -> 1 | D7: =+DAY(L7) -> 8 | E7: =IF(A7=C7,D7-B7+1,DAY(EOMONTH(J7,0))-B7+D7+1) -> 9 | F7: 52 | I7: =O6+1 -> 46027 | J7: =+I7+1 -> 46028 | K7: =+J7+1 -> 46029 | L7: =+K7+1 -> 46030 | M7: =+L7+1 -> 46031 | N7: =+M7+1 -> 46032 | O7: =+N7+1 -> 46033 | Q7: =DATE($A$1,C7,D7+1) -> 46031 | R7: 1 | S7: =IF(A7=C7,"Informe "&D7-B7+1&" días ( "&D7-B7&" reales y 1 proyectado); Reales del "&B7&"/"&C7&" al "&D7-1&"/"&A7&" ,Proyectado "&D7&"/"&A7,"Informe "&DAY(EOMONTH(K6,0))-B7+D7+1&" días ( "&DAY(EOMONTH(K6,0))-B7+D7&" reales y 1 proyectado); Reales del "&B7&"/"&A7&" al "&D7-1&"/"&C7&" ,Proyectado "&D7&"/"&C7) -> Informe 9 días ( 8 reales y 1 proyectado); Reales del 31/12 al 7/1 ,Proyectado 8/1
A8: =+MONTH(M7) -> 1 | B8: =+DAY(M7) -> 9 | C8: =+MONTH(L8) -> 1 | D8: =+DAY(L8) -> 15 | E8: =IF(A8=C8,D8-B8+1,DAY(EOMONTH(J8,0))-B8+D8+1) -> 7 | F8: 1 | I8: =1+O7 -> 46034 | J8: =1+I8 -> 46035 | K8: =1+J8 -> 46036 | L8: =1+K8 -> 46037 | M8: =1+L8 -> 46038 | N8: =1+M8 -> 46039 | O8: =1+N8 -> 46040 | Q8: =DATE($A$1,C8,D8+1) -> 46038 | R8: =R7+1 -> 2 | S8: =IF(A8=C8,"Informe "&D8-B8+1&" días ( "&D8-B8&" reales y 1 proyectado); Reales del "&B8&"/"&C8&" al "&D8-1&"/"&A8&" ,Proyectado "&D8&"/"&A8,"Informe "&DAY(EOMONTH(L7,0))-B8+D8+1&" días ( "&DAY(EOMONTH(L7,0))-B8+D8&" reales y 1 proyectado); Reales del "&B8&"/"&A8&" al "&D8-1&"/"&C8&" ,Proyectado "&D8&"/"&C8) -> Informe 7 días ( 6 reales y 1 proyectado); Reales del 9/1 al 14/1 ,Proyectado 15/1
A9: =+MONTH(M8) -> 1 | B9: =+DAY(M8) -> 16 | C9: =+MONTH(L9) -> 1 | D9: =+DAY(L9) -> 22 | E9: =IF(A9=C9,D9-B9+1,DAY(EOMONTH(J9,0))-B9+D9+1) -> 7 | F9: 2 | I9: =1+O8 -> 46041 | J9: =1+I9 -> 46042 | K9: =1+J9 -> 46043 | L9: =1+K9 -> 46044 | M9: =1+L9 -> 46045 | N9: =1+M9 -> 46046 | O9: =1+N9 -> 46047 | Q9: =DATE($A$1,C9,D9+1) -> 46045 | R9: =R8+1 -> 3 | S9: =IF(A9=C9,"Informe "&D9-B9+1&" días ( "&D9-B9&" reales y 1 proyectado); Reales del "&B9&"/"&C9&" al "&D9-1&"/"&A9&" ,Proyectado "&D9&"/"&A9,"Informe "&DAY(EOMONTH(L8,0))-B9+D9+1&" días ( "&DAY(EOMONTH(L8,0))-B9+D9&" reales y 1 proyectado); Reales del "&B9&"/"&A9&" al "&D9-1&"/"&C9&" ,Proyectado "&D9&"/"&C9) -> Informe 7 días ( 6 reales y 1 proyectado); Reales del 16/1 al 21/1 ,Proyectado 22/1
A10: =+MONTH(M9) -> 1 | B10: =+DAY(M9) -> 23 | C10: =+MONTH(L10) -> 1 | D10: =+DAY(L10) -> 29 | E10: =IF(A10=C10,D10-B10+1,DAY(EOMONTH(J10,0))-B10+D10+1) -> 7 | F10: 3 | I10: =1+O9 -> 46048 | J10: =1+I10 -> 46049 | K10: =1+J10 -> 46050 | L10: =1+K10 -> 46051 | M10: =1+L10 -> 46052 | N10: =1+M10 -> 46053 | Q10: =DATE($A$1,C10,D10+1) -> 46052 | R10: =R9+1 -> 4 | S10: =IF(A10=C10,"Informe "&D10-B10+1&" días ( "&D10-B10&" reales y 1 proyectado); Reales del "&B10&"/"&C10&" al "&D10-1&"/"&A10&" ,Proyectado "&D10&"/"&A10,"Informe "&DAY(EOMONTH(L9,0))-B10+D10+1&" días ( "&DAY(EOMONTH(L9,0))-B10+D10&" reales y 1 proyectado); Reales del "&B10&"/"&A10&" al "&D10-1&"/"&C10&" ,Proyectado "&D10&"/"&C10) -> Informe 7 días ( 6 reales y 1 proyectado); Reales del 23/1 al 28/1 ,Proyectado 29/1
A12: desde | C12: hasta | E12: largo | F12: # week | I12: FEBRERO | Q12: FECHA INFORME | R12: N° SEMANA | S12: DETALLES | T12: FERIADO
A13: m | B13: d | C13: m | D13: d | I13: L | J13: M | K13: M | L13: J | M13: V | N13: S | O13: D
F14: 5 | O14: =+N10+1 -> 46054
A15: =+MONTH(M10) -> 1 | B15: =+DAY(M10) -> 30 | C15: =+MONTH(L15) -> 2 | D15: =+DAY(L15) -> 5 | E15: =IF(A15=C15,D15-B15+1,DAY(EOMONTH(M10,0))-B15+D15+1) -> 7 | F15: =1+F14 -> 6 | I15: =1+O14 -> 46055 | J15: =+I15+1 -> 46056 | K15: =+J15+1 -> 46057 | L15: =+K15+1 -> 46058 | M15: =+L15+1 -> 46059 | N15: =+M15+1 -> 46060 | O15: =+N15+1 -> 46061 | Q15: =DATE($A$1,C15,D15+1) -> 46059 | R15: =R10+1 -> 5 | S15: =IF(A15=C15,"Informe "&D15-B15+1&" días ( "&D15-B15&" reales y 1 proyectado); Reales del "&B15&"/"&C15&" al "&D15-1&"/"&A15&" ,Proyectado "&D15&"/"&A15,"Informe "&DAY(EOMONTH(M14,0))-B15+D15+1&" días ( "&DAY(EOMONTH(M14,0))-B15+D15&" reales y 1 proyectado); Reales del "&B15&"/"&A15&" al "&D15-1&"/"&C15&" ,Proyectado "&D15&"/"&C15) -> Informe 7 días ( 6 reales y 1 proyectado); Reales del 30/1 al 4/2 ,Proyectado 5/2
A16: =+MONTH(M15) -> 2 | B16: =+DAY(M15) -> 6 | C16: =+MONTH(L16) -> 2 | D16: =+DAY(L16) -> 12 | E16: =IF(A16=C16,D16-B16+1,DAY(EOMONTH(M11,0))-B16+D16+1) -> 7 | F16: =1+F15 -> 7 | I16: =1+O15 -> 46062 | J16: =+I16+1 -> 46063 | K16: =+J16+1 -> 46064 | L16: =+K16+1 -> 46065 | M16: =+L16+1 -> 46066 | N16: =+M16+1 -> 46067 | O16: =+N16+1 -> 46068 | Q16: =DATE($A$1,C16,D16+1) -> 46066 | R16: =R15+1 -> 6 | S16: =IF(A16=C16,"Informe "&D16-B16+1&" días ( "&D16-B16&" reales y 1 proyectado); Reales del "&B16&"/"&C16&" al "&D16-1&"/"&A16&" ,Proyectado "&D16&"/"&A16,"Informe "&DAY(EOMONTH(L15,0))-B16+D16+1&" días ( "&DAY(EOMONTH(L15,0))-B16+D16&" reales y 1 proyectado); Reales del "&B16&"/"&A16&" al "&D16-1&"/"&C16&" ,Proyectado "&D16&"/"&C16&")") -> Informe 7 días ( 6 reales y 1 proyectado); Reales del 6/2 al 11/2 ,Proyectado 12/2
A17: =+MONTH(M16) -> 2 | B17: =+DAY(M16) -> 13 | C17: =+MONTH(L17) -> 2 | D17: =+DAY(L17) -> 19 | E17: =IF(A17=C17,D17-B17+1,DAY(EOMONTH(M12,0))-B17+D17+1) -> 7 | F17: =1+F16 -> 8 | I17: =1+O16 -> 46069 | J17: =+I17+1 -> 46070 | K17: =+J17+1 -> 46071 | L17: =+K17+1 -> 46072 | M17: =+L17+1 -> 46073 | N17: =+M17+1 -> 46074 | O17: =+N17+1 -> 46075 | Q17: =DATE($A$1,C17,D17+1) -> 46073 | R17: =R16+1 -> 7 | S17: =IF(A17=C17,"Informe "&D17-B17+1&" días ( "&D17-B17&" reales y 1 proyectado); Reales del "&B17&"/"&C17&" al "&D17-1&"/"&A17&" ,Proyectado "&D17&"/"&A17,"Informe "&DAY(EOMONTH(L16,0))-B17+D17+1&" días ( "&DAY(EOMONTH(L16,0))-B17+D17&" reales y 1 proyectado); Reales del "&B17&"/"&A17&" al "&D17-1&"/"&C17&" ,Proyectado "&D17&"/"&C17&")") -> Informe 7 días ( 6 reales y 1 proyectado); Reales del 13/2 al 18/2 ,Proyectado 19/2
A18: =+MONTH(M17) -> 2 | B18: =+DAY(M17) -> 20 | C18: =+MONTH(L18) -> 2 | D18: =+DAY(L18) -> 26 | E18: =IF(A18=C18,D18-B18+1,DAY(EOMONTH(M13,0))-B18+D18+1) -> 7 | F18: 9 | I18: =+O17+1 -> 46076 | J18: =+I18+1 -> 46077 | K18: =+J18+1 -> 46078 | L18: =+K18+1 -> 46079 | M18: =+L18+1 -> 46080 | N18: =+M18+1 -> 46081 | Q18: =DATE($A$1,C18,D18+1) -> 46080 | R18: =R17+1 -> 8 | S18: =IF(A18=C18,"Informe "&D18-B18+1&" días ( "&D18-B18&" reales y 1 proyectado); Reales del "&B18&"/"&C18&" al "&D18-1&"/"&A18&" ,Proyectado "&D18&"/"&A18,"Informe "&DAY(EOMONTH(L17,0))-B18+D18+1&" días ( "&DAY(EOMONTH(L17,0))-B18+D18&" reales y 1 proyectado); Reales del "&B18&"/"&A18&" al "&D18-1&"/"&C18&" ,Proyectado "&D18&"/"&C18&")") -> Informe 7 días ( 6 reales y 1 proyectado); Reales del 20/2 al 25/2 ,Proyectado 26/2
A20: desde | C20: hasta | E20: largo | F20: # week | I20: MARZO | Q20: FECHA INFORME | R20: N° SEMANA | S20: DETALLES | T20: FERIADO
A21: m | B21: d | C21: m | D21: d | I21: L | J21: M | K21: M | L21: J | M21: V | N21: S | O21: D
F22: =F17+1 -> 9 | K22: =+J18+1 -> 46078 | O22: =+N18+1 -> 46082
A23: =+MONTH(M18) -> 2 | B23: =+DAY(M18) -> 27 | C23: =+MONTH(L23) -> 3 | D23: =+DAY(L23) -> 5 | E23: =IF(A23=C23,D23-B23+1,DAY(EOMONTH(J23,0))-B23+D23+1) -> 10 | F23: =1+F22 -> 10 | I23: =1+O22 -> 46083 | J23: =+I23+1 -> 46084 | K23: =+J23+1 -> 46085 | L23: =+K23+1 -> 46086 | M23: =+L23+1 -> 46087 | N23: =+M23+1 -> 46088 | O23: =+N23+1 -> 46089 | Q23: =DATE($A$1,C23,D23+1) -> 46087 | R23: =R18+1 -> 9 | S23: =IF(A23=C23,"Informe "&D23-B23+1&" días ( "&D23-B23&" reales y 1 proyectado); Reales del "&B23&"/"&C23&" al "&D23-1&"/"&A23&" ,Proyectado "&D23&"/"&A23,"Informe "&DAY(EOMONTH(L18,0))-B23+D23+1&" días ( "&DAY(EOMONTH(L18,0))-B23+D23&" reales y 1 proyectado); Reales del "&B23&"/"&A23&" al "&D23-1&"/"&C23&" ,Proyectado "&D23&"/"&C23&")") -> Informe 7 días ( 6 reales y 1 proyectado); Reales del 27/2 al 4/3 ,Proyectado 5/3)
A24: =+MONTH(M23) -> 3 | B24: =+DAY(M23) -> 6 | C24: =+MONTH(L24) -> 3 | D24: =+DAY(L24) -> 12 | E24: =IF(A24=C24,D24-B24+1,DAY(EOMONTH(J24,0))-B24+D24+1) -> 7 | F24: =1+F23 -> 11 | I24: =1+O23 -> 46090 | J24: =+I24+1 -> 46091 | K24: =+J24+1 -> 46092 | L24: =+K24+1 -> 46093 | M24: =+L24+1 -> 46094 | N24: =+M24+1 -> 46095 | O24: =+N24+1 -> 46096 | Q24: =DATE($A$1,C24,D24+1) -> 46094 | R24: =R23+1 -> 10 | S24: =IF(A24=C24,"Informe "&D24-B24+1&" días ( "&D24-B24&" reales y 1 proyectado); Reales del "&B24&"/"&C24&" al "&D24-1&"/"&A24&" ,Proyectado "&D24&"/"&A24,"Informe "&DAY(EOMONTH(L23,0))-B24+D24+1&" días ( "&DAY(EOMONTH(L23,0))-B24+D24&" reales y 1 proyectado); Reales del "&B24&"/"&A24&" al "&D24-1&"/"&C24&" ,Proyectado "&D24&"/"&C24&")") -> Informe 7 días ( 6 reales y 1 proyectado); Reales del 6/3 al 11/3 ,Proyectado 12/3
A25: =+MONTH(M24) -> 3 | B25: =+DAY(M24) -> 13 | C25: =+MONTH(L25) -> 3 | D25: =+DAY(L25) -> 19 | E25: =IF(A25=C25,D25-B25+1,DAY(EOMONTH(J24,0))-B25+D25+1) -> 7 | F25: =1+F24 -> 12 | I25: =1+O24 -> 46097 | J25: =+I25+1 -> 46098 | K25: =+J25+1 -> 46099 | L25: =+K25+1 -> 46100 | M25: =+L25+1 -> 46101 | N25: =+M25+1 -> 46102 | O25: =+N25+1 -> 46103 | Q25: =DATE($A$1,C25,D25+1) -> 46101 | R25: =R24+1 -> 11 | S25: =IF(A25=C25,"Informe "&D25-B25+1&" días ( "&D25-B25&" reales y 1 proyectado); Reales del "&B25&"/"&C25&" al "&D25-1&"/"&A25&" ,Proyectado "&D25&"/"&A25,"Informe "&DAY(EOMONTH(L24,0))-B25+D25+1&" días ( "&DAY(EOMONTH(L24,0))-B25+D25&" reales y 1 proyectado); Reales del "&B25&"/"&A25&" al "&D25-1&"/"&C25&" ,Proyectado "&D25&"/"&C25&")") -> Informe 7 días ( 6 reales y 1 proyectado); Reales del 13/3 al 18/3 ,Proyectado 19/3
A26: =+MONTH(M25) -> 3 | B26: =+DAY(M25) -> 20 | C26: =+MONTH(L26) -> 3 | D26: =+DAY(L26) -> 26 | E26: =IF(A26=C26,D26-B26+1,DAY(EOMONTH(J25,0))-B26+D26+1) -> 7 | F26: =1+F25 -> 13 | I26: =1+O25 -> 46104 | J26: =+I26+1 -> 46105 | K26: =+J26+1 -> 46106 | L26: =+K26+1 -> 46107 | M26: =+L26+1 -> 46108 | N26: =+M26+1 -> 46109 | O26: =+N26+1 -> 46110 | Q26: =DATE($A$1,C26,D26+1) -> 46108 | R26: =R25+1 -> 12 | S26: =IF(A26=C26,"Informe "&D26-B26+1&" días ( "&D26-B26&" reales y 1 proyectado); Reales del "&B26&"/"&C26&" al "&D26-1&"/"&A26&" ,Proyectado "&D26&"/"&A26,"Informe "&DAY(EOMONTH(L25,0))-B26+D26+1&" días ( "&DAY(EOMONTH(L25,0))-B26+D26&" reales y 1 proyectado); Reales del "&B26&"/"&A26&" al "&D26-1&"/"&C26&" ,Proyectado "&D26&"/"&C26&")") -> Informe 7 días ( 6 reales y 1 proyectado); Reales del 20/3 al 25/3 ,Proyectado 26/3
I27: =+O26+1 -> 46111 | J27: =+I27+1 -> 46112
A29: desde | C29: hasta | E29: largo | F29: # week | I29: ABRIL | Q29: FECHA INFORME | R29: N° SEMANA | S29: DETALLES | T29: FERIADO
A30: m | B30: d | C30: m | D30: d | I30: L | J30: M | K30: M | L30: J | M30: V | N30: S | O30: D
A31: =+MONTH(M26) -> 3 | B31: =+DAY(M26) -> 27 | C31: =+MONTH(L31) -> 4 | D31: =+DAY(K31) -> 1 | E31: =IF(A31=C31,D31-B31+1,DAY(EOMONTH(L26,0))-B31+D31+1) -> 6 | F31: 13 | K31: =+J27+1 -> 46113 | L31: =+K31+1 -> 46114 | M31: =+L31+1 -> 46115 | N31: =+M31+1 -> 46116 | O31: =+N31+1 -> 46117 | Q31: =DATE($A$1,C31,D31+1) -> 46114 | R31: =R26+1 -> 13 | S31: =IF(A31=C31,"Informe "&D31-B31+1&" días ( "&D31-B31&" reales y 1 proyectado); Reales del "&B31&"/"&C31&" al "&D31-1&"/"&A31&" ,Proyectado "&D31&"/"&A31,"Informe "&DAY(EOMONTH(M26,0))-B31+D31+1&" días ( "&DAY(EOMONTH(M26,0))-B31+D31&" reales y 1 proyectado); Reales del "&B31&"/"&A31&" al 31/"&C31&" ,Proyectado "&D31&"/"&C31&")") -> Informe 6 días ( 5 reales y 1 proyectado); Reales del 27/3 al 31/4 ,Proyectado 1/4) | T31: Viernes 3 de abril: Viernes Santo Sábado 4 de abril: Sábado Santo
A32: =+MONTH(L31) -> 4 | B32: =+DAY(L31) -> 2 | C32: =+MONTH(L32) -> 4 | D32: =+DAY(L32) -> 9 | E32: =IF(A32=C32,D32-B32+1,DAY(EOMONTH(J32,0))-B32+D32+1) -> 8 | F32: =1+F31 -> 14 | I32: =1+O31 -> 46118 | J32: =+I32+1 -> 46119 | K32: =+J32+1 -> 46120 | L32: =+K32+1 -> 46121 | M32: =+L32+1 -> 46122 | N32: =+M32+1 -> 46123 | O32: =+N32+1 -> 46124 | Q32: =DATE($A$1,C32,D32+1) -> 46122 | R32: =+R31+1 -> 14 | S32: =IF(A32=C32,"Informe "&D32-B32+1&" días ( "&D32-B32&" reales y 1 proyectado); Reales del "&B32&"/"&C32&" al "&D32-1&"/"&A32&" ,Proyectado "&D32&"/"&A32,"Informe "&DAY(EOMONTH(L31,0))-B32+D32+1&" días ( "&DAY(EOMONTH(L31,0))-B32+D32&" reales y 1 proyectado); Reales del "&B32&"/"&A32&" al "&D32-1&"/"&C32&" ,Proyectado "&D32&"/"&C32&")") -> Informe 8 días ( 7 reales y 1 proyectado); Reales del 2/4 al 8/4 ,Proyectado 9/4
A33: =+MONTH(M32) -> 4 | B33: =+DAY(M32) -> 10 | C33: =+MONTH(L33) -> 4 | D33: =+DAY(L33) -> 16 | E33: =IF(A33=C33,D33-B33+1,DAY(EOMONTH(J33,0))-B33+D33+1) -> 7 | F33: =1+F32 -> 15 | I33: =1+O32 -> 46125 | J33: =+I33+1 -> 46126 | K33: =+J33+1 -> 46127 | L33: =+K33+1 -> 46128 | M33: =+L33+1 -> 46129 | N33: =+M33+1 -> 46130 | O33: =+N33+1 -> 46131 | Q33: =DATE($A$1,C33,D33+1) -> 46129 | R33: =R32+1 -> 15 | S33: =IF(A33=C33,"Informe "&D33-B33+1&" días ( "&D33-B33&" reales y 1 proyectado); Reales del "&B33&"/"&C33&" al "&D33-1&"/"&A33&" ,Proyectado "&D33&"/"&A33,"Informe "&DAY(EOMONTH(L32,0))-B33+D33+1&" días ( "&DAY(EOMONTH(L32,0))-B33+D33&" reales y 1 proyectado); Reales del "&B33&"/"&A33&" al "&D33-1&"/"&C33&" ,Proyectado "&D33&"/"&C33&")") -> Informe 7 días ( 6 reales y 1 proyectado); Reales del 10/4 al 15/4 ,Proyectado 16/4
A34: =+MONTH(M33) -> 4 | B34: =+DAY(M33) -> 17 | C34: =+MONTH(L34) -> 4 | D34: =+DAY(L34) -> 23 | E34: =IF(A34=C34,D34-B34+1,DAY(EOMONTH(J34,0))-B34+D34+1) -> 7 | F34: =1+F33 -> 16 | I34: =1+O33 -> 46132 | J34: =+I34+1 -> 46133 | K34: =+J34+1 -> 46134 | L34: =+K34+1 -> 46135 | M34: =+L34+1 -> 46136 | N34: =+M34+1 -> 46137 | O34: =+N34+1 -> 46138 | Q34: =DATE($A$1,C34,D34+1) -> 46136 | R34: =R33+1 -> 16 | S34: =IF(A34=C34,"Informe "&D34-B34+1&" días ( "&D34-B34&" reales y 1 proyectado); Reales del "&B34&"/"&C34&" al "&D34-1&"/"&A34&" ,Proyectado "&D34&"/"&A34,"Informe "&DAY(EOMONTH(L33,0))-B34+D34+1&" días ( "&DAY(EOMONTH(L33,0))-B34+D34&" reales y 1 proyectado); Reales del "&B34&"/"&A34&" al "&D34-1&"/"&C34&" ,Proyectado "&D34&"/"&C34&")") -> Informe 7 días ( 6 reales y 1 proyectado); Reales del 17/4 al 22/4 ,Proyectado 23/4
A35: =+MONTH(M34) -> 4 | B35: =+DAY(M34) -> 24 | C35: =+MONTH(K35) -> 4 | D35: =+DAY(K35) -> 29 | F35: =1+F34 -> 17 | I35: =1+O34 -> 46139 | J35: =+I35+1 -> 46140 | K35: =+J35+1 -> 46141 | L35: =+K35+1 -> 46142 | Q35: =DATE($A$1,C35,D35+1) -> 46142 | R35: =R34+1 -> 17 | S35: =IF(A35=C35,"Informe "&D35-B35+1&" días ( "&D35-B35&" reales y 1 proyectado); Reales del "&B35&"/"&C35&" al "&D35-1&"/"&A35&" ,Proyectado "&D35&"/"&A35,"Informe "&DAY(EOMONTH(L34,0))-B35+D35+1&" días ( "&DAY(EOMONTH(L34,0))-B35+D35&" reales y 1 proyectado); Reales del "&B35&"/"&A35&" al "&D35-1&"/"&C35&" ,Proyectado "&D35&"/"&C35&")") -> Informe 6 días ( 5 reales y 1 proyectado); Reales del 24/4 al 28/4 ,Proyectado 29/4
A37: desde | C37: hasta | E37: largo | F37: # week | I37: MAYO | Q37: FECHA INFORME | R37: N° SEMANA | S37: DETALLES | T37: FERIADO
A38: m | B38: d | C38: m | D38: d | I38: L | J38: M | K38: M | L38: J | M38: V | N38: S | O38: D
E39: =IF(A39=C39,D39-B39+1,DAY(EOMONTH(J34,0))-B39+D39+1) -> 1 | F39: =+F35+1 -> 18 | K39: 45413 | M39: =+L35+1 -> 46143 | N39: =+M39+1 -> 46144 | O39: =+N39+1 -> 46145 | T39: Viernes 1 de mayo: Día del Trabajador
A40: =+MONTH(L35) -> 4 | B40: =+DAY(L35) -> 30 | C40: =+MONTH(L40) -> 5 | D40: =+DAY(L40) -> 7 | E40: =IF(A40=C40,D40-B40+1,DAY(EOMONTH(J35,0))-B40+D40+1) -> 8 | F40: =+F39+1 -> 19 | I40: =1+O39 -> 46146 | J40: =+I40+1 -> 46147 | K40: =+J40+1 -> 46148 | L40: =+K40+1 -> 46149 | M40: =+L40+1 -> 46150 | N40: =+M40+1 -> 46151 | O40: =+N40+1 -> 46152 | Q40: =DATE($A$1,C40,D40+1) -> 46150 | R40: =R35+1 -> 18 | S40: =IF(A40=C40,"Informe "&D40-B40+1&" días ( "&D40-B40&" reales y 1 proyectado); Reales del "&B40&"/"&C40&" al "&D40-1&"/"&A40&" ,Proyectado "&D40&"/"&A40,"Informe "&DAY(EOMONTH(L34,0))-B40+D40+1&" días ( "&DAY(EOMONTH(L34,0))-B40+D40&" reales y 1 proyectado); Reales del "&B40&"/"&A40&" al "&D40-1&"/"&C40&" ,Proyectado "&D40&"/"&C40) -> Informe 8 días ( 7 reales y 1 proyectado); Reales del 30/4 al 6/5 ,Proyectado 7/5
A41: =+MONTH(M40) -> 5 | B41: =+DAY(M40) -> 8 | C41: =+MONTH(L41) -> 5 | D41: =+DAY(L41) -> 14 | E41: =IF(A41=C41,D41-B41+1,DAY(EOMONTH(J41,0))-B41+D41+1) -> 7 | F41: =1+F40 -> 20 | I41: =1+O40 -> 46153 | J41: =+I41+1 -> 46154 | K41: =+J41+1 -> 46155 | L41: =+K41+1 -> 46156 | M41: =+L41+1 -> 46157 | N41: =+M41+1 -> 46158 | O41: =+N41+1 -> 46159 | Q41: =DATE($A$1,C41,D41+1) -> 46157 | R41: =R40+1 -> 19 | S41: =IF(A41=C41,"Informe "&D41-B41+1&" días ( "&D41-B41&" reales y 1 proyectado); Reales del "&B41&"/"&C41&" al "&D41-1&"/"&A41&" ,Proyectado "&D41&"/"&A41,"Informe "&DAY(EOMONTH(L41,0))-B41+D41+1&" días ( "&DAY(EOMONTH(L41,0))-B41+D41&" reales y 1 proyectado); Reales del "&B41&"/"&A41&" al "&D41-1&"/"&C41&" ,Proyectado "&D41&"/"&C41) -> Informe 7 días ( 6 reales y 1 proyectado); Reales del 8/5 al 13/5 ,Proyectado 14/5
A42: =+MONTH(M41) -> 5 | B42: =+DAY(M41) -> 15 | C42: =+MONTH(L42) -> 5 | D42: =+DAY(J42) -> 19 | E42: =IF(A42=C42,D42-B42+1,DAY(EOMONTH(J42,0))-B42+D42+1) -> 5 | F42: =1+F41 -> 21 | I42: =1+O41 -> 46160 | J42: =+I42+1 -> 46161 | K42: =+J42+1 -> 46162 | L42: =+K42+1 -> 46163 | M42: =+L42+1 -> 46164 | N42: =+M42+1 -> 46165 | O42: =+N42+1 -> 46166 | Q42: =DATE($A$1,C42,D42+1) -> 46162 | R42: =R41+1 -> 20 | S42: =IF(A42=C42,"Informe "&D42-B42+1&" días ( "&D42-B42&" reales y 1 proyectado); Reales del "&B42&"/"&C42&" al "&D42-1&"/"&A42&" ,Proyectado "&D42&"/"&A42,"Informe "&DAY(EOMONTH(J42,0))-B42+D42+1&" días ( "&DAY(EOMONTH(J42,0))-B42+D42&" reales y 1 proyectado); Reales del "&B42&"/"&A42&" al "&D42-1&"/"&C42&" ,Proyectado "&D42&"/"&C42) -> Informe 5 días ( 4 reales y 1 proyectado); Reales del 15/5 al 18/5 ,Proyectado 19/5 | T42: Jueves 21 de mayo: Día de las Glorias Navales. Viernes 22 de mayo interferiado.
A43: =+MONTH(M42) -> 5 | B43: =+DAY(K42) -> 20 | C43: =+MONTH(L43) -> 5 | D43: =+DAY(L43) -> 28 | E43: =IF(A43=C43,D43-B43+1,DAY(EOMONTH(J43,0))-B43+D43+1) -> 9 | F43: =+F42+1 -> 22 | I43: =1+O42 -> 46167 | J43: =+I43+1 -> 46168 | K43: =+J43+1 -> 46169 | L43: =+K43+1 -> 46170 | M43: =+L43+1 -> 46171 | N43: =+M43+1 -> 46172 | O43: =+N43+1 -> 46173 | Q43: =DATE($A$1,C43,D43+1) -> 46171 | R43: =R42+1 -> 21 | S43: =IF(A43=C43,"Informe "&D43-B43+1&" días ( "&D43-B43&" reales y 1 proyectado); Reales del "&B43&"/"&C43&" al "&D43-1&"/"&A43&" ,Proyectado "&D43&"/"&A43,"Informe "&DAY(EOMONTH(L43,0))-B43+D43+1&" días ( "&DAY(EOMONTH(L43,0))-B43+D43&" reales y 1 proyectado); Reales del "&B43&"/"&A43&" al "&D43-1&"/"&C43&" ,Proyectado "&D43&"/"&C43) -> Informe 9 días ( 8 reales y 1 proyectado); Reales del 20/5 al 27/5 ,Proyectado 28/5
A45: desde | C45: hasta | E45: largo | F45: # week | I45: JUNIO | Q45: FECHA INFORME | R45: N° SEMANA | S45: DETALLES | T45: FERIADO
A46: m | B46: d | C46: m | D46: d | I46: L | J46: M | K46: M | L46: J | M46: V | N46: S | O46: D
A47: =+MONTH(M43) -> 5 | B47: =+DAY(M43) -> 29 | C47: =+MONTH(L47) -> 6 | D47: =+DAY(L47) -> 4 | F47: =+F43 -> 22 | I47: =O43+1 -> 46174 | J47: =+I47+1 -> 46175 | K47: =+J47+1 -> 46176 | L47: =+K47+1 -> 46177 | M47: =+L47+1 -> 46178 | N47: =+M47+1 -> 46179 | O47: =+N47+1 -> 46180 | Q47: =DATE($A$1,C47,D47+1) -> 46178 | R47: =R43+1 -> 22 | S47: =IF(A47=C47,"Informe "&D47-B47+1&" días ( "&D47-B47&" reales y 1 proyectado); Reales del "&B47&"/"&C47&" al "&D47-1&"/"&A47&" ,Proyectado "&D47&"/"&A47,"Informe "&DAY(EOMONTH(M42,0))-B47+D47+1&" días ( "&DAY(EOMONTH(M42,0))-B47+D47&" reales y 1 proyectado); Reales del "&B47&"/"&A47&" al "&D47-1&"/"&C47&" ,Proyectado "&D47&"/"&C47) -> Informe 7 días ( 6 reales y 1 proyectado); Reales del 29/5 al 3/6 ,Proyectado 4/6 | T47: Domingo 7 de junio: Día de la Batalla de Arica (Arica y Parinacota)
A48: =+MONTH(M47) -> 6 | B48: =+DAY(M47) -> 5 | C48: =+MONTH(L48) -> 6 | D48: =+DAY(L48) -> 11 | E48: =IF(A48=C48,D48-B48+1,DAY(EOMONTH(M43,0))-B48+D48+1) -> 7 | F48: =+F47+1 -> 23 | I48: =1+O47 -> 46181 | J48: =+I48+1 -> 46182 | K48: =+J48+1 -> 46183 | L48: =+K48+1 -> 46184 | M48: =+L48+1 -> 46185 | N48: =+M48+1 -> 46186 | O48: =+N48+1 -> 46187 | Q48: =DATE($A$1,C48,D48+1) -> 46185 | R48: =R47+1 -> 23 | S48: =IF(A48=C48,"Informe "&D48-B48+1&" días ( "&D48-B48&" reales y 1 proyectado); Reales del "&B48&"/"&C48&" al "&D48-1&"/"&A48&" ,Proyectado "&D48&"/"&A48,"Informe "&DAY(EOMONTH(M43,0))-B48+D48+1&" días ( "&DAY(EOMONTH(M43,0))-B48+D48&" reales y 1 proyectado); Reales del "&B48&"/"&A48&" al "&D48-1&"/"&C48&" ,Proyectado "&D48&"/"&C48) -> Informe 7 días ( 6 reales y 1 proyectado); Reales del 5/6 al 10/6 ,Proyectado 11/6
A49: =+MONTH(M48) -> 6 | B49: =+DAY(M48) -> 12 | C49: =+MONTH(L49) -> 6 | D49: =+DAY(L49) -> 18 | E49: =IF(A49=C49,D49-B49+1,DAY(EOMONTH(M44,0))-B49+D49+1) -> 7 | F49: =1+F48 -> 24 | I49: =1+O48 -> 46188 | J49: =+I49+1 -> 46189 | K49: =+J49+1 -> 46190 | L49: =+K49+1 -> 46191 | M49: =+L49+1 -> 46192 | N49: =+M49+1 -> 46193 | O49: =+N49+1 -> 46194 | Q49: =DATE($A$1,C49,D49+1) -> 46192 | R49: =R48+1 -> 24 | S49: =IF(A49=C49,"Informe "&D49-B49+1&" días ( "&D49-B49&" reales y 1 proyectado); Reales del "&B49&"/"&C49&" al "&D49-1&"/"&A49&" ,Proyectado "&D49&"/"&A49,"Informe "&DAY(EOMONTH(M44,0))-B49+D49+1&" días ( "&DAY(EOMONTH(M44,0))-B49+D49&" reales y 1 proyectado); Reales del "&B49&"/"&A49&" al "&D49-1&"/"&C49&" ,Proyectado "&D49&"/"&C49) -> Informe 7 días ( 6 reales y 1 proyectado); Reales del 12/6 al 17/6 ,Proyectado 18/6 | T49: Domingo 21 de junio: Día Nacional de los Pueblos Indigenas
A50: =+MONTH(M49) -> 6 | B50: =+DAY(M49) -> 19 | C50: =+MONTH(L50) -> 6 | D50: =+DAY(L50) -> 25 | E50: =IF(A50=C50,D50-B50+1,DAY(EOMONTH(M45,0))-B50+D50+1) -> 7 | F50: =1+F49 -> 25 | I50: =1+O49 -> 46195 | J50: =+I50+1 -> 46196 | K50: =+J50+1 -> 46197 | L50: =+K50+1 -> 46198 | M50: =+L50+1 -> 46199 | N50: =+M50+1 -> 46200 | O50: =+N50+1 -> 46201 | Q50: =DATE($A$1,C50,D50+1) -> 46199 | R50: =R49+1 -> 25 | S50: =IF(A50=C50,"Informe "&D50-B50+1&" días ( "&D50-B50&" reales y 1 proyectado); Reales del "&B50&"/"&C50&" al "&D50-1&"/"&A50&" ,Proyectado "&D50&"/"&A50,"Informe "&DAY(EOMONTH(M45,0))-B50+D50+1&" días ( "&DAY(EOMONTH(M45,0))-B50+D50&" reales y 1 proyectado); Reales del "&B50&"/"&A50&" al "&D50-1&"/"&C50&" ,Proyectado "&D50&"/"&C50) -> Informe 7 días ( 6 reales y 1 proyectado); Reales del 19/6 al 24/6 ,Proyectado 25/6
F51: =+F50+1 -> 26 | I51: =1+O50 -> 46202 | J51: =+I51+1 -> 46203 | T51: Lunes 29 de junio: San Pedro y San Pablo
I52: INFORME SEMANAL | T52: =T1 -> 46139
A53: CORTES | I53: =+I2 -> PROGRAMACION 2026 | T53: =T2 -> versión 0.0
A55: desde | C55: hasta | E55: largo | F55: # week | I55: JULIO | Q55: FECHA INFORME | R55: N° SEMANA | S55: DETALLES | T55: FERIADO
A56: m | B56: d | C56: m | D56: d | I56: L | J56: M | K56: M | L56: J | M56: V | N56: S | O56: D
A57: =+MONTH(M50) -> 6 | B57: =+DAY(M50) -> 26 | C57: =+MONTH(L57) -> 7 | D57: =+DAY(L57) -> 2 | E57: =IF(A57=C57,D57-B57+1,DAY(EOMONTH(J50,0))-B57+D57+1) -> 7 | F57: =+F51 -> 26 | K57: =+J51+1 -> 46204 | L57: =+K57+1 -> 46205 | M57: =+L57+1 -> 46206 | N57: =+M57+1 -> 46207 | O57: =+N57+1 -> 46208 | Q57: =DATE($A$1,C57,D57+1) -> 46206 | R57: =R50+1 -> 26 | S57: =IF(A57=C57,"Informe "&D57-B57+1&" días ( "&D57-B57&" reales y 1 proyectado); Reales del "&B57&"/"&C57&" al "&D57-1&"/"&A57&" ,Proyectado "&D57&"/"&A57,"Informe "&DAY(EOMONTH(M51,0))-B57+D57&" días ( "&DAY(EOMONTH(M51,0))-B57+D57-1&" reales y 1 proyectado); Reales del "&B57&"/"&A57&" al "&D57-1&"/"&C57&" ,Proyectado "&D57&"/"&C57) -> Informe 7 días ( 6 reales y 1 proyectado); Reales del 26/6 al 1/7 ,Proyectado 2/7
A58: =+MONTH(M57) -> 7 | B58: =+DAY(M57) -> 3 | C58: =+MONTH(L58) -> 7 | D58: =+DAY(L58) -> 9 | E58: =IF(A58=C58,D58-B58+1,DAY(EOMONTH(J58,0))-B58+D58+1) -> 7 | F58: =1+F57 -> 27 | I58: =1+O57 -> 46209 | J58: =+I58+1 -> 46210 | K58: =+J58+1 -> 46211 | L58: =+K58+1 -> 46212 | M58: =+L58+1 -> 46213 | N58: =+M58+1 -> 46214 | O58: =+N58+1 -> 46215 | Q58: =DATE($A$1,C58,D58+1) -> 46213 | R58: =R57+1 -> 27 | S58: =IF(A58=C58,"Informe "&D58-B58+1&" días ( "&D58-B58&" reales y 1 proyectado); Reales del "&B58&"/"&C58&" al "&D58-1&"/"&A58&" ,Proyectado "&D58&"/"&A58,"Informe "&DAY(EOMONTH(M50,0))-B58+D58+1&" días ( "&DAY(EOMONTH(M50,0))-B58+D58&" reales y 1 proyectado); Reales del "&B58&"/"&A58&" al "&D58-1&"/"&C58&" ,Proyectado "&D58&"/"&C58) -> Informe 7 días ( 6 reales y 1 proyectado); Reales del 3/7 al 8/7 ,Proyectado 9/7
A59: =+MONTH(M58) -> 7 | B59: =+DAY(M58) -> 10 | C59: =+MONTH(L59) -> 7 | D59: =+DAY(J59) -> 14 | E59: =IF(A59=C59,D59-B59+1,DAY(EOMONTH(J59,0))-B59+D59+1) -> 5 | F59: =1+F58 -> 28 | I59: =1+O58 -> 46216 | J59: =+I59+1 -> 46217 | K59: =+J59+1 -> 46218 | L59: =+K59+1 -> 46219 | M59: =+L59+1 -> 46220 | N59: =+M59+1 -> 46221 | O59: =+N59+1 -> 46222 | Q59: =DATE($A$1,C59,D59+1) -> 46218 | R59: =R58+1 -> 28 | S59: =IF(A59=C59,"Informe "&D59-B59+1&" días ( "&D59-B59&" reales y 1 proyectado); Reales del "&B59&"/"&C59&" al "&D59-1&"/"&A59&" ,Proyectado "&D59&"/"&A59,"Informe "&DAY(EOMONTH(M51,0))-B59+D59+1&" días ( "&DAY(EOMONTH(M51,0))-B59+D59&" reales y 1 proyectado); Reales del "&B59&"/"&A59&" al "&D59-1&"/"&C59&" ,Proyectado "&D59&"/"&C59) -> Informe 5 días ( 4 reales y 1 proyectado); Reales del 10/7 al 13/7 ,Proyectado 14/7 | T59: Jueves 16 de julio: Día de la Virgen del Carmen. Viernes 17 de julio interferiado.
A60: =+MONTH(M59) -> 7 | B60: =+DAY(K59) -> 15 | C60: =+MONTH(L60) -> 7 | D60: =+DAY(L60) -> 23 | E60: =IF(A60=C60,D60-B60+1,DAY(EOMONTH(J60,0))-B60+D60+1) -> 9 | F60: =1+F59 -> 29 | I60: =1+O59 -> 46223 | J60: =+I60+1 -> 46224 | K60: =+J60+1 -> 46225 | L60: =+K60+1 -> 46226 | M60: =+L60+1 -> 46227 | N60: =+M60+1 -> 46228 | O60: =+N60+1 -> 46229 | Q60: =DATE($A$1,C60,D60+1) -> 46227 | R60: =R59+1 -> 29 | S60: =IF(A60=C60,"Informe "&D60-B60+1&" días ( "&D60-B60&" reales y 1 proyectado); Reales del "&B60&"/"&C60&" al "&D60-1&"/"&A60&" ,Proyectado "&D60&"/"&A60,"Informe "&DAY(EOMONTH(M60,0))-B60+D60+1&" días ( "&DAY(EOMONTH(M60,0))-B60+D60&" reales y 1 proyectado); Reales del "&B60&"/"&A60&" al "&D60-1&"/"&C60&" ,Proyectado "&D60&"/"&C60) -> Informe 9 días ( 8 reales y 1 proyectado); Reales del 15/7 al 22/7 ,Proyectado 23/7
A61: =+MONTH(M60) -> 7 | B61: =+DAY(M60) -> 24 | C61: =+MONTH(L61) -> 7 | D61: =+DAY(L61) -> 30 | F61: =1+F60 -> 30 | I61: =1+O60 -> 46230 | J61: =+I61+1 -> 46231 | K61: =+J61+1 -> 46232 | L61: =+K61+1 -> 46233 | M61: =+L61+1 -> 46234 | Q61: =DATE($A$1,C61,D61+1) -> 46234 | R61: =R60+1 -> 30 | S61: =IF(A61=C61,"Informe "&D61-B61+1&" días ( "&D61-B61&" reales y 1 proyectado); Reales del "&B61&"/"&C61&" al "&D61-1&"/"&A61&" ,Proyectado "&D61&"/"&A61,"Informe "&DAY(EOMONTH(M61,0))-B61+D61+1&" días ( "&DAY(EOMONTH(M61,0))-B61+D61&" reales y 1 proyectado); Reales del "&B61&"/"&A61&" al "&D61-1&"/"&C61&" ,Proyectado "&D61&"/"&C61) -> Informe 7 días ( 6 reales y 1 proyectado); Reales del 24/7 al 29/7 ,Proyectado 30/7
A63: desde | C63: hasta | E63: largo | I63: AGOSTO | Q63: FECHA INFORME | R63: N° SEMANA | S63: DETALLES | T63: FERIADO
A64: m | B64: d | C64: m | D64: d | I64: L | J64: M | K64: M | L64: J | M64: V | N64: S | O64: D
E65: =IF(A65=C65,D65-B65+1,DAY(EOMONTH(L65,0))-B65+D65+1) -> 1 | F65: =1+F61 -> 31 | N65: =+M61+1 -> 46235 | O65: =+N65+1 -> 46236
A66: =+MONTH(M61) -> 7 | B66: =+DAY(M61) -> 31 | C66: =+MONTH(L66) -> 8 | D66: =+DAY(L66) -> 6 | E66: =IF(A66=C66,D66-B66+1,DAY(EOMONTH(L66,0))-B66+D66+1) -> 7 | F66: =1+F65 -> 32 | I66: =1+O65 -> 46237 | J66: =+I66+1 -> 46238 | K66: =+J66+1 -> 46239 | L66: =+K66+1 -> 46240 | M66: =+L66+1 -> 46241 | N66: =+M66+1 -> 46242 | O66: =+N66+1 -> 46243 | Q66: =DATE($A$1,C66,D66+1) -> 46241 | R66: =R61+1 -> 31 | S66: =IF(A66=C66,"Informe "&D66-B66+1&" días ( "&D66-B66&" reales y 1 proyectado); Reales del "&B66&"/"&C66&" al "&D66-1&"/"&A66&" ,Proyectado "&D66&"/"&A66,"Informe "&DAY(EOMONTH(L65,0))-B66+D66+1&" días ( "&DAY(EOMONTH(L65,0))-B66+D66&" reales y 1 proyectado); Reales del "&B66&"/"&A66&" al "&D66-1&"/"&C66&" ,Proyectado "&D66&"/"&C66) -> Informe 7 días ( 6 reales y 1 proyectado); Reales del 31/7 al 5/8 ,Proyectado 6/8
A67: =+MONTH(M66) -> 8 | B67: =+DAY(M66) -> 7 | C67: =+MONTH(L67) -> 8 | D67: =+DAY(L67) -> 13 | E67: =IF(A67=C67,D67-B67+1,DAY(EOMONTH(L67,0))-B67+D67+1) -> 7 | F67: =1+F66 -> 33 | I67: =1+O66 -> 46244 | J67: =+I67+1 -> 46245 | K67: =+J67+1 -> 46246 | L67: =+K67+1 -> 46247 | M67: =+L67+1 -> 46248 | N67: =+M67+1 -> 46249 | O67: =+N67+1 -> 46250 | Q67: =DATE($A$1,C67,D67+1) -> 46248 | R67: =R66+1 -> 32 | S67: =IF(A67=C67,"Informe "&D67-B67+1&" días ( "&D67-B67&" reales y 1 proyectado); Reales del "&B67&"/"&C67&" al "&D67-1&"/"&A67&" ,Proyectado "&D67&"/"&A67,"Informe "&DAY(EOMONTH(L66,0))-B67+D67+1&" días ( "&DAY(EOMONTH(L66,0))-B67+D67&" reales y 1 proyectado); Reales del "&B67&"/"&A67&" al "&D67-1&"/"&C67&" ,Proyectado "&D67&"/"&C67) -> Informe 7 días ( 6 reales y 1 proyectado); Reales del 7/8 al 12/8 ,Proyectado 13/8 | T67: Sábado 15 de agosto: Asunción de la Virgen
A68: =+MONTH(M67) -> 8 | B68: =+DAY(M67) -> 14 | C68: =+MONTH(L68) -> 8 | D68: =+DAY(L68) -> 20 | E68: =IF(A68=C68,D68-B68+1,DAY(EOMONTH(L68,0))-B68+D68+1) -> 7 | F68: =1+F67 -> 34 | I68: =1+O67 -> 46251 | J68: =+I68+1 -> 46252 | K68: =+J68+1 -> 46253 | L68: =+K68+1 -> 46254 | M68: =+L68+1 -> 46255 | N68: =+M68+1 -> 46256 | O68: =+N68+1 -> 46257 | Q68: =DATE($A$1,C68,D68+1) -> 46255 | R68: =R67+1 -> 33 | S68: =IF(A68=C68,"Informe "&D68-B68+1&" días ( "&D68-B68&" reales y 1 proyectado); Reales del "&B68&"/"&C68&" al "&D68-1&"/"&A68&" ,Proyectado "&D68&"/"&A68,"Informe "&DAY(EOMONTH(L67,0))-B68+D68+1&" días ( "&DAY(EOMONTH(L67,0))-B68+D68&" reales y 1 proyectado); Reales del "&B68&"/"&A68&" al "&D68-1&"/"&C68&" ,Proyectado "&D68&"/"&C68) -> Informe 7 días ( 6 reales y 1 proyectado); Reales del 14/8 al 19/8 ,Proyectado 20/8
A69: =+MONTH(M68) -> 8 | B69: =+DAY(M68) -> 21 | C69: =+MONTH(L69) -> 8 | D69: =+DAY(L69) -> 27 | E69: =IF(A69=C69,D69-B69+1,DAY(EOMONTH(L69,0))-B69+D69+1) -> 7 | F69: =+F68+1 -> 35 | I69: =1+O68 -> 46258 | J69: =+I69+1 -> 46259 | K69: =+J69+1 -> 46260 | L69: =+K69+1 -> 46261 | M69: =+L69+1 -> 46262 | N69: =+M69+1 -> 46263 | O69: =+N69+1 -> 46264 | Q69: =DATE($A$1,C69,D69+1) -> 46262 | R69: =R68+1 -> 34 | S69: =IF(A69=C69,"Informe "&D69-B69+1&" días ( "&D69-B69&" reales y 1 proyectado); Reales del "&B69&"/"&C69&" al "&D69-1&"/"&A69&" ,Proyectado "&D69&"/"&A69,"Informe "&DAY(EOMONTH(L68,0))-B69+D69+1&" días ( "&DAY(EOMONTH(L68,0))-B69+D69&" reales y 1 proyectado); Reales del "&B69&"/"&A69&" al "&D69-1&"/"&C69&" ,Proyectado "&D69&"/"&C69) -> Informe 7 días ( 6 reales y 1 proyectado); Reales del 21/8 al 26/8 ,Proyectado 27/8
E70: =IF(A70=C70,D70-B70+1,DAY(EOMONTH(L70,0))-B70+D70+1) -> 1 | F70: =+F69+1 -> 36 | I70: =1+O69 -> 46265
A71: desde | C71: hasta | E71: largo | I71: SEPTIEMBRE | Q71: FECHA INFORME | R71: N° SEMANA | S71: DETALLES | T71: FERIADO
A72: m | B72: d | C72: m | D72: d | I72: L | J72: M | K72: M | L72: J | M72: V | N72: S | O72: D
A73: =+MONTH(M69) -> 8 | B73: =+DAY(M69) -> 28 | C73: =+MONTH(L73) -> 9 | D73: =+DAY(L73) -> 3 | E73: =IF(A73=C73,D73-B73+1,DAY(EOMONTH(L69,0))-B73+D73+1) -> 7 | F73: =1+#REF! -> #REF! | J73: =+I70+1 -> 46266 | K73: =+J73+1 -> 46267 | L73: =+K73+1 -> 46268 | M73: =+L73+1 -> 46269 | N73: =+M73+1 -> 46270 | O73: =+N73+1 -> 46271 | Q73: =DATE($A$1,C73,D73+1) -> 46269 | R73: =R69+1 -> 35 | S73: =IF(A73=C73,"Informe "&D73-B73+1&" días ( "&D73-B73&" reales y 1 proyectado); Reales del "&B73&"/"&C73&" al "&D73-1&"/"&A73&" ,Proyectado "&D73&"/"&A73,"Informe "&DAY(EOMONTH(M69,0))-B73+D73+1&" días ( "&DAY(EOMONTH(M69,0))-B73+D73&" reales y 1 proyectado); Reales del "&B73&"/"&A73&" al "&D73-1&"/"&C73&" ,Proyectado "&D73&"/"&C73) -> Informe 7 días ( 6 reales y 1 proyectado); Reales del 28/8 al 2/9 ,Proyectado 3/9
A74: =+MONTH(M73) -> 9 | B74: =+DAY(M73) -> 4 | C74: =+MONTH(L74) -> 9 | D74: =+DAY(L74) -> 10 | E74: =IF(A74=C74,D74-B74+1,DAY(EOMONTH(J74,0))-B74+D74+1) -> 7 | F74: =1+F73 -> #REF! | I74: =1+O73 -> 46272 | J74: =+I74+1 -> 46273 | K74: =+J74+1 -> 46274 | L74: =+K74+1 -> 46275 | M74: =+L74+1 -> 46276 | N74: =+M74+1 -> 46277 | O74: =+N74+1 -> 46278 | Q74: =DATE($A$1,C74,D74+1) -> 46276 | R74: =R73+1 -> 36 | S74: =IF(A74=C74,"Informe "&D74-B74+1&" días ( "&D74-B74&" reales y 1 proyectado); Reales del "&B74&"/"&C74&" al "&D74-1&"/"&A74&" ,Proyectado "&D74&"/"&A74,"Informe "&DAY(EOMONTH(M73,0))-B74+D74+1&" días ( "&DAY(EOMONTH(M73,0))-B74+D74&" reales y 1 proyectado); Reales del "&B74&"/"&A74&" al "&D74-1&"/"&C74&" ,Proyectado "&D74&"/"&C74) -> Informe 7 días ( 6 reales y 1 proyectado); Reales del 4/9 al 9/9 ,Proyectado 10/9
A75: =+MONTH(M74) -> 9 | B75: =+DAY(M74) -> 11 | C75: =+MONTH(K75) -> 9 | D75: =+DAY(K75) -> 16 | E75: =IF(A75=C75,D75-B75+1,DAY(EOMONTH(J75,0))-B75+D75+1) -> 6 | F75: =1+F74 -> #REF! | I75: =1+O74 -> 46279 | J75: =+I75+1 -> 46280 | K75: =+J75+1 -> 46281 | L75: =+K75+1 -> 46282 | M75: =+L75+1 -> 46283 | N75: =+M75+1 -> 46284 | O75: =+N75+1 -> 46285 | Q75: =DATE($A$1,C75,D75+1) -> 46282 | R75: =R74+1 -> 37 | S75: =IF(A75=C75,"Informe "&D75-B75+1&" días ( "&D75-B75&" reales y 1 proyectado); Reales del "&B75&"/"&C75&" al "&D75-1&"/"&A75&" ,Proyectado "&D75&"/"&A75,"Informe "&DAY(EOMONTH(M74,0))-B75+D75+1&" días ( "&DAY(EOMONTH(M74,0))-B75+D75&" reales y 1 proyectado); Reales del "&B75&"/"&A75&" al "&D75-1&"/"&C75&" ,Proyectado "&D75&"/"&C75) -> Informe 6 días ( 5 reales y 1 proyectado); Reales del 11/9 al 15/9 ,Proyectado 16/9 | T75: Viernes 18 de septiembre: Independencia Sábado 19 de septiembre: Día de las Glorias del Ejército
A76: =+MONTH(L75) -> 9 | B76: =+DAY(L75) -> 17 | C76: =+MONTH(L76) -> 9 | D76: =+DAY(L76) -> 24 | E76: =IF(A76=C76,D76-B76+1,DAY(EOMONTH(L76,0))-B76+D76+1) -> 8 | F76: =1+F75 -> #REF! | I76: =1+O75 -> 46286 | J76: =+I76+1 -> 46287 | K76: =+J76+1 -> 46288 | L76: =+K76+1 -> 46289 | M76: =+L76+1 -> 46290 | N76: =+M76+1 -> 46291 | O76: =+N76+1 -> 46292 | Q76: =DATE($A$1,C76,D76+1) -> 46290 | R76: =R75+1 -> 38 | S76: =IF(A76=C76,"Informe "&D76-B76+1&" días ( "&D76-B76&" reales y 1 proyectado); Reales del "&B76&"/"&C76&" al "&D76-1&"/"&A76&" ,Proyectado "&D76&"/"&A76,"Informe "&DAY(EOMONTH(M75,0))-B76+D76+1&" días ( "&DAY(EOMONTH(M75,0))-B76+D76&" reales y 1 proyectado); Reales del "&B76&"/"&A76&" al "&D76-1&"/"&C76&" ,Proyectado "&D76&"/"&C76) -> Informe 8 días ( 7 reales y 1 proyectado); Reales del 17/9 al 23/9 ,Proyectado 24/9
I77: =+O76+1 -> 46293 | J77: =+I77+1 -> 46294 | K77: =+J77+1 -> 46295
A79: desde | C79: hasta | E79: largo | I79: OCTUBRE | Q79: FECHA INFORME | R79: N° SEMANA | S79: DETALLES | T79: FERIADO
A80: m | B80: d | C80: m | D80: d | I80: L | J80: M | K80: M | L80: J | M80: V | N80: S | O80: D
A81: =+MONTH(M76) -> 9 | B81: =+DAY(M76) -> 25 | C81: =+MONTH(L81) -> 10 | D81: =+DAY(L81) -> 1 | E81: =IF(A81=C81,D81-B81+1,DAY(EOMONTH(I77,0))-B81+D81+1) -> 7 | F81: =+F76 -> #REF! | L81: =+K77+1 -> 46296 | M81: =+L81+1 -> 46297 | N81: =+M81+1 -> 46298 | O81: =+N81+1 -> 46299 | Q81: =DATE($A$1,C81,D81+1) -> 46297 | R81: =R76+1 -> 39 | S81: =IF(A81=C81,"Informe "&D81-B81+1&" días ( "&D81-B81&" reales y 1 proyectado); Reales del "&B81&"/"&C81&" al "&D81-1&"/"&A81&" ,Proyectado "&D81&"/"&A81,"Informe "&DAY(EOMONTH(L75,0))-B81+D81+1&" días ( "&DAY(EOMONTH(L75,0))-B81+D81&" reales y 1 proyectado); Reales del "&B81&"/"&A81&" al 30/9 ,Proyectado "&D81&"/"&C81) -> Informe 7 días ( 6 reales y 1 proyectado); Reales del 25/9 al 30/9 ,Proyectado 1/10
A82: =+MONTH(M81) -> 10 | B82: =+DAY(M81) -> 2 | C82: =+MONTH(L82) -> 10 | D82: =+DAY(L82) -> 8 | E82: =IF(A82=C82,D82-B82+1,DAY(EOMONTH(J82,0))-B82+D82+1) -> 7 | F82: =1+F76 -> #REF! | I82: =1+O81 -> 46300 | J82: =+I82+1 -> 46301 | K82: =+J82+1 -> 46302 | L82: =+K82+1 -> 46303 | M82: =+L82+1 -> 46304 | N82: =+M82+1 -> 46305 | O82: =+N82+1 -> 46306 | Q82: =DATE($A$1,C82,D82+1) -> 46304 | R82: =R81+1 -> 40 | S82: =IF(A82=C82,"Informe "&D82-B82+1&" días ( "&D82-B82&" reales y 1 proyectado); Reales del "&B82&"/"&C82&" al "&D82-1&"/"&A82&" ,Proyectado "&D82&"/"&A82,"Informe "&DAY(EOMONTH(L76,0))-B82+D82+1&" días ( "&DAY(EOMONTH(L76,0))-B82+D82&" reales y 1 proyectado); Reales del "&B82&"/"&A82&" al "&D82-1&"/"&C82&" ,Proyectado "&D82&"/"&C82) -> Informe 7 días ( 6 reales y 1 proyectado); Reales del 2/10 al 7/10 ,Proyectado 8/10
A83: =+MONTH(M82) -> 10 | B83: =+DAY(M82) -> 9 | C83: =+MONTH(L83) -> 10 | D83: =+DAY(L83) -> 15 | E83: =IF(A83=C83,D83-B83+1,DAY(EOMONTH(J83,0))-B83+D83+1) -> 7 | F83: =1+F82 -> #REF! | I83: =1+O82 -> 46307 | J83: =+I83+1 -> 46308 | K83: =+J83+1 -> 46309 | L83: =+K83+1 -> 46310 | M83: =+L83+1 -> 46311 | N83: =+M83+1 -> 46312 | O83: =+N83+1 -> 46313 | Q83: =DATE($A$1,C83,D83+1) -> 46311 | R83: =R82+1 -> 41 | S83: =IF(A83=C83,"Informe "&D83-B83+1&" días ( "&D83-B83&" reales y 1 proyectado); Reales del "&B83&"/"&C83&" al "&D83-1&"/"&A83&" ,Proyectado "&D83&"/"&A83,"Informe "&DAY(EOMONTH(L75,0))-B83+D83+1&" días ( "&DAY(EOMONTH(L82,0))-B83+D83&" reales y 1 proyectado); Reales del "&B83&"/"&A83&" al "&D83-1&"/"&C83&" ,Proyectado "&D83&"/"&C83) -> Informe 7 días ( 6 reales y 1 proyectado); Reales del 9/10 al 14/10 ,Proyectado 15/10 | T83: Lunes 12 de octubre: Encuentro de Dos Mundos
A84: =+MONTH(M83) -> 10 | B84: =+DAY(M83) -> 16 | C84: =+MONTH(L84) -> 10 | D84: =+DAY(L84) -> 22 | E84: =IF(A84=C84,D84-B84+1,DAY(EOMONTH(J84,0))-B84+D84+1) -> 7 | F84: =1+F83 -> #REF! | I84: =1+O83 -> 46314 | J84: =+I84+1 -> 46315 | K84: =+J84+1 -> 46316 | L84: =+K84+1 -> 46317 | M84: =+L84+1 -> 46318 | N84: =+M84+1 -> 46319 | O84: =+N84+1 -> 46320 | Q84: =DATE($A$1,C84,D84+1) -> 46318 | R84: =R83+1 -> 42 | S84: =IF(A84=C84,"Informe "&D84-B84+1&" días ( "&D84-B84&" reales y 1 proyectado); Reales del "&B84&"/"&C84&" al "&D84-1&"/"&A84&" ,Proyectado "&D84&"/"&A84,"Informe "&DAY(EOMONTH(L76,0))-B84+D84+1&" días ( "&DAY(EOMONTH(L83,0))-B84+D84&" reales y 1 proyectado); Reales del "&B84&"/"&A84&" al "&D84-1&"/"&C84&" ,Proyectado "&D84&"/"&C84) -> Informe 7 días ( 6 reales y 1 proyectado); Reales del 16/10 al 21/10 ,Proyectado 22/10
A85: =+MONTH(M84) -> 10 | B85: =+DAY(M84) -> 23 | C85: =+MONTH(L85) -> 10 | D85: =+DAY(L85) -> 29 | E85: =IF(A85=C85,D85-B85+1,DAY(EOMONTH(J85,0))-B85+D85+1) -> 7 | F85: =1+F84 -> #REF! | I85: =1+O84 -> 46321 | J85: =+I85+1 -> 46322 | K85: =+J85+1 -> 46323 | L85: =+K85+1 -> 46324 | M85: =+L85+1 -> 46325 | N85: =+M85+1 -> 46326 | Q85: =DATE($A$1,C85,D85+1) -> 46325 | R85: =R84+1 -> 43 | S85: =IF(A85=C85,"Informe "&D85-B85+1&" días ( "&D85-B85&" reales y 1 proyectado); Reales del "&B85&"/"&C85&" al "&D85-1&"/"&A85&" ,Proyectado "&D85&"/"&A85,"Informe "&DAY(EOMONTH(L84,0))-B85+D85+1&" días ( "&DAY(EOMONTH(L84,0))-B85+D85&" reales y 1 proyectado); Reales del "&B85&"/"&A85&" al "&D85-1&"/"&C85&" ,Proyectado "&D85&"/"&C85) -> Informe 7 días ( 6 reales y 1 proyectado); Reales del 23/10 al 28/10 ,Proyectado 29/10 | T85: Sábado 31 de octubre: Día de las Iglesias Evangélicas y Protestantes
A87: desde | C87: hasta | E87: largo | I87: NOVIEMBRE | Q87: FECHA INFORME | R87: N° SEMANA | S87: DETALLES | T87: FERIADO
A88: m | B88: d | C88: m | D88: d | I88: L | J88: M | K88: M | L88: J | M88: V | N88: S | O88: D
F89: =1+F85 -> #REF! | O89: =+N85+1 -> 46327 | T89: Domingo 1 de noviembre: Día de Todos los Santos
A90: =+MONTH(M85) -> 10 | B90: =+DAY(M85) -> 30 | C90: =+MONTH(L90) -> 11 | D90: =+DAY(L90) -> 5 | E90: =IF(A90=C90,D90-B90+1,DAY(EOMONTH(J85,0))-B90+D90+1) -> 7 | F90: =1+F89 -> #REF! | I90: =1+O89 -> 46328 | J90: =+I90+1 -> 46329 | K90: =+J90+1 -> 46330 | L90: =+K90+1 -> 46331 | M90: =+L90+1 -> 46332 | N90: =+M90+1 -> 46333 | O90: =+N90+1 -> 46334 | Q90: =DATE($A$1,C90,D90+1) -> 46332 | R90: =R85+1 -> 44 | S90: =IF(A90=C90,"Informe "&D90-B90+1&" días ( "&D90-B90&" reales y 1 proyectado); Reales del "&B90&"/"&C90&" al "&D90-1&"/"&A90&" ,Proyectado "&D90&"/"&A90,"Informe "&DAY(EOMONTH(M85,0))-B90+D90+1&" días ( "&DAY(EOMONTH(M85,0))-B90+D90&" reales y 1 proyectado); Reales del "&B90&"/"&A90&" al "&D90-1&"/"&C90&" ,Proyectado "&D90&"/"&C90) -> Informe 7 días ( 6 reales y 1 proyectado); Reales del 30/10 al 4/11 ,Proyectado 5/11
A91: =+MONTH(M90) -> 11 | B91: =+DAY(M90) -> 6 | C91: =+MONTH(L91) -> 11 | D91: =+DAY(L91) -> 12 | E91: =IF(A91=C91,D91-B91+1,DAY(EOMONTH(J91,0))-B91+D91+1) -> 7 | F91: =1+F90 -> #REF! | I91: =1+O90 -> 46335 | J91: =+I91+1 -> 46336 | K91: =+J91+1 -> 46337 | L91: =+K91+1 -> 46338 | M91: =+L91+1 -> 46339 | N91: =+M91+1 -> 46340 | O91: =+N91+1 -> 46341 | Q91: =DATE($A$1,C91,D91+1) -> 46339 | R91: =R90+1 -> 45 | S91: =IF(A91=C91,"Informe "&D91-B91+1&" días ( "&D91-B91&" reales y 1 proyectado); Reales del "&B91&"/"&C91&" al "&D91-1&"/"&A91&" ,Proyectado "&D91&"/"&A91,"Informe "&DAY(EOMONTH(M89,0))-B91+D91+1&" días ( "&DAY(EOMONTH(M89,0))-B91+D91&" reales y 1 proyectado); Reales del "&B91&"/"&A91&" al "&D91-1&"/"&C91&" ,Proyectado "&D91&"/"&C91) -> Informe 7 días ( 6 reales y 1 proyectado); Reales del 6/11 al 11/11 ,Proyectado 12/11
A92: =+MONTH(M91) -> 11 | B92: =+DAY(M91) -> 13 | C92: =+MONTH(L92) -> 11 | D92: =+DAY(L92) -> 19 | E92: =IF(A92=C92,D92-B92+1,DAY(EOMONTH(J92,0))-B92+D92+1) -> 7 | F92: =1+F91 -> #REF! | I92: =1+O91 -> 46342 | J92: =+I92+1 -> 46343 | K92: =+J92+1 -> 46344 | L92: =+K92+1 -> 46345 | M92: =+L92+1 -> 46346 | N92: =+M92+1 -> 46347 | O92: =+N92+1 -> 46348 | Q92: =DATE($A$1,C92,D92+1) -> 46346 | R92: =R91+1 -> 46 | S92: =IF(A92=C92,"Informe "&D92-B92+1&" días ( "&D92-B92&" reales y 1 proyectado); Reales del "&B92&"/"&C92&" al "&D92-1&"/"&A92&" ,Proyectado "&D92&"/"&A92,"Informe "&DAY(EOMONTH(M90,0))-B92+D92+1&" días ( "&DAY(EOMONTH(M90,0))-B92+D92&" reales y 1 proyectado); Reales del "&B92&"/"&A92&" al "&D92-1&"/"&C92&" ,Proyectado "&D92&"/"&C92) -> Informe 7 días ( 6 reales y 1 proyectado); Reales del 13/11 al 18/11 ,Proyectado 19/11
A93: =+MONTH(M92) -> 11 | B93: =+DAY(M92) -> 20 | C93: =+MONTH(L93) -> 11 | D93: =+DAY(L93) -> 26 | E93: =IF(A93=C93,D93-B93+1,DAY(EOMONTH(J93,0))-B93+D93+1) -> 7 | F93: =1+F92 -> #REF! | I93: =1+O92 -> 46349 | J93: =+I93+1 -> 46350 | K93: =+J93+1 -> 46351 | L93: =+K93+1 -> 46352 | M93: =+L93+1 -> 46353 | N93: =+M93+1 -> 46354 | O93: =+N93+1 -> 46355 | Q93: =DATE($A$1,C93,D93+1) -> 46353 | R93: =R92+1 -> 47 | S93: =IF(A93=C93,"Informe "&D93-B93+1&" días ( "&D93-B93&" reales y 1 proyectado); Reales del "&B93&"/"&C93&" al "&D93-1&"/"&A93&" ,Proyectado "&D93&"/"&A93,"Informe "&DAY(EOMONTH(M91,0))-B93+D93+1&" días ( "&DAY(EOMONTH(M91,0))-B93+D93&" reales y 1 proyectado); Reales del "&B93&"/"&A93&" al "&D93-1&"/"&C93&" ,Proyectado "&D93&"/"&C93) -> Informe 7 días ( 6 reales y 1 proyectado); Reales del 20/11 al 25/11 ,Proyectado 26/11
E94: =IF(A94=C94,D94-B94+1,DAY(EOMONTH(J94,0))-B94+D94+1) -> 1 | F94: =1+F93 -> #REF! | I94: =1+O93 -> 46356
A95: desde | C95: hasta | E95: largo | I95: DICIEMBRE | Q95: FECHA INFORME | R95: N° SEMANA | S95: DETALLES | T95: FERIADO
A96: m | B96: d | C96: m | D96: d | I96: L | J96: M | K96: M | L96: J | M96: V | N96: S | O96: D
A97: =+MONTH(M93) -> 11 | B97: =+DAY(M93) -> 27 | C97: =+MONTH(L97) -> 12 | D97: =+DAY(L97) -> 3 | E97: =IF(A97=C97,D97-B97+1,DAY(EOMONTH(J93,0))-B97+D97+1) -> 7 | F97: =1+#REF! -> #REF! | J97: =+I94+1 -> 46357 | K97: =+J97+1 -> 46358 | L97: =+K97+1 -> 46359 | M97: =+L97+1 -> 46360 | N97: =+M97+1 -> 46361 | O97: =+N97+1 -> 46362 | Q97: =DATE($A$1,C97,D97+1) -> 46360 | R97: =R93+1 -> 48 | S97: =IF(A97=C97,"Informe "&6&" días ( "&5&" reales y 1 proyectado); Reales del "&B97&"/"&C97&" al "&5&"/"&A97&" ,Proyectado "&6&"/"&A97,"Informe "&DAY(EOMONTH(M92,0))-B97+D97+1&" días ( "&DAY(EOMONTH(M92,0))-B97+D97&" reales y 1 proyectado); Reales del "&B97&"/"&A97&" al "&D97-1&"/"&C97&" ,Proyectado "&D97&"/"&C97) -> Informe 7 días ( 6 reales y 1 proyectado); Reales del 27/11 al 2/12 ,Proyectado 3/12
A98: =+MONTH(M97) -> 12 | B98: =+DAY(M97) -> 4 | C98: =+MONTH(L98) -> 12 | D98: =+DAY(L98) -> 10 | E98: =IF(A98=C98,D98-B98+1,DAY(EOMONTH(J98,0))-B98+D98+1) -> 7 | F98: =1+F97 -> #REF! | I98: =1+O97 -> 46363 | J98: =+I98+1 -> 46364 | K98: =+J98+1 -> 46365 | L98: =+K98+1 -> 46366 | M98: =+L98+1 -> 46367 | N98: =+M98+1 -> 46368 | O98: =+N98+1 -> 46369 | Q98: =DATE($A$1,C98,D98+1) -> 46367 | R98: =R97+1 -> 49 | S98: =IF(A98=C98,"Informe "&D98-B98+1&" días ( "&D98-B98&" reales y 1 proyectado); Reales del "&B98&"/"&C98&" al "&D98-1&"/"&A98&" ,Proyectado "&D98&"/"&A98,"Informe "&DAY(EOMONTH(M97,0))-B98+D98+1&" días ( "&DAY(EOMONTH(M97,0))-B98+D98&" reales y 1 proyectado); Reales del "&B98&"/"&A98&" al "&D98-1&"/"&C98&" ,Proyectado "&D98&"/"&C98) -> Informe 7 días ( 6 reales y 1 proyectado); Reales del 4/12 al 9/12 ,Proyectado 10/12 | T98: Luneas 7 de diciembre interferiado. Martes 8 de diciembre: Inmaculada Concepción
A99: =+MONTH(M98) -> 12 | B99: =+DAY(M98) -> 11 | C99: =+MONTH(L99) -> 12 | D99: =+DAY(L99) -> 17 | E99: =IF(A99=C99,D99-B99+1,DAY(EOMONTH(J99,0))-B99+D99+1) -> 7 | F99: =1+F98 -> #REF! | I99: =1+O98 -> 46370 | J99: =+I99+1 -> 46371 | K99: =+J99+1 -> 46372 | L99: =+K99+1 -> 46373 | M99: =+L99+1 -> 46374 | N99: =+M99+1 -> 46375 | O99: =+N99+1 -> 46376 | Q99: =DATE($A$1,C99,D99+1) -> 46374 | R99: =R98+1 -> 50 | S99: =IF(A99=C99,"Informe "&D99-B99+1&" días ( "&D99-B99&" reales y 1 proyectado); Reales del "&B99&"/"&C99&" al "&D99-1&"/"&A99&" ,Proyectado "&D99&"/"&A99,"Informe "&DAY(EOMONTH(M98,0))-B99+D99+1&" días ( "&DAY(EOMONTH(M98,0))-B99+D99&" reales y 1 proyectado); Reales del "&B99&"/"&A99&" al "&D99-1&"/"&C99&" ,Proyectado "&D99&"/"&C99) -> Informe 7 días ( 6 reales y 1 proyectado); Reales del 11/12 al 16/12 ,Proyectado 17/12
A100: =+MONTH(M99) -> 12 | B100: =+DAY(M99) -> 18 | C100: =+MONTH(K100) -> 12 | D100: =+DAY(K100) -> 23 | E100: =IF(A100=C100,D100-B100+1,DAY(EOMONTH(J100,0))-B100+D100+1) -> 6 | F100: =1+F99 -> #REF! | I100: =1+O99 -> 46377 | J100: =+I100+1 -> 46378 | K100: =+J100+1 -> 46379 | L100: =+K100+1 -> 46380 | M100: =1+L100 -> 46381 | N100: =1+M100 -> 46382 | O100: =1+N100 -> 46383 | Q100: =DATE($A$1,C100,D100+1) -> 46380 | R100: =R99+1 -> 51 | S100: =IF(A100=C100,"Informe "&D100-B100+1&" días ( "&D100-B100&" reales y 1 proyectado); Reales del "&B100&"/"&C100&" al "&D100-1&"/"&A100&" ,Proyectado "&D100&"/"&A100,"Informe "&DAY(EOMONTH(M99,0))-B100+D100+1&" días ( "&DAY(EOMONTH(M99,0))-B100+D100&" reales y 1 proyectado); Reales del "&B100&"/"&A100&" al "&D100-1&"/"&C100&" ,Proyectado "&D100&"/"&C100) -> Informe 6 días ( 5 reales y 1 proyectado); Reales del 18/12 al 22/12 ,Proyectado 23/12 | T100: Viernes 25 de diciembre: Navidad
A101: =+MONTH(L100) -> 12 | B101: =+DAY(L100) -> 24 | C101: =+MONTH(K101) -> 12 | D101: =+DAY(K101) -> 30 | I101: =1+O100 -> 46384 | J101: =+I101+1 -> 46385 | K101: =+J101+1 -> 46386 | L101: =+K101+1 -> 46387 | M101: =L101+1 -> 46388 | Q101: =DATE($A$1,C101,D101+1) -> 46387 | R101: =R100+1 -> 52 | S101: =IF(A101=C101,"Informe "&D101-B101+1&" días ( "&D101-B101&" reales y 1 proyectado); Reales del "&B101&"/"&C101&" al "&D101-1&"/"&A101&" ,Proyectado "&D101&"/"&A101,"Informe "&DAY(EOMONTH(M100,0))-B101+D101+1&" días ( "&DAY(EOMONTH(M100,0))-B101+D101&" reales y 1 proyectado); Reales del "&B101&"/"&A101&" al "&D101-1&"/"&C101&" ,Proyectado "&D101&"/"&C101) -> Informe 7 días ( 6 reales y 1 proyectado); Reales del 24/12 al 29/12 ,Proyectado 30/12 | T101: Viernes 1 de enero: Año Nuevo

Sheet Programación
F1: Mes | G1: Abril
A2: Mes | B2: Week | C2: dia reporte | D2: Responsable
A3: Enero | B3: 1 | C3: =VLOOKUP(B3,'calendario 2021'!F5:P166,11,0) -> 44204 | D3: Victor | F3: Cuenta de Responsable
A4: Enero | B4: 2 | C4: =VLOOKUP(B4,'calendario 2021'!F6:P167,11,0) -> 44211 | D4: Victor | F4: Week | G4: dia reporte | H4: Responsable | I4: Total
A5: Enero | B5: 3 | C5: =VLOOKUP(B5,'calendario 2021'!F7:P168,11,0) -> 44218 | D5: Victor | F5: 15 | G5: 09-abr | H5: Victor | I5: 1
A6: Enero | B6: 4 | C6: =VLOOKUP(B6,'calendario 2021'!F8:P169,11,0) -> 44225 | D6: Josefina | F6: 16 | G6: 17-abr | H6: Josefina | I6: 1
A7: Enero | B7: 5 | C7: =VLOOKUP(B7,'calendario 2021'!F9:P170,11,0) -> 44232 | D7: Josefina | F7: 17 | G7: 24-abr | H7: Josefina | I7: 1
A8: Febrero | B8: 6 | C8: =VLOOKUP(B8,'calendario 2021'!F10:P171,11,0) -> 44239 | D8: Josefina | F8: 18 | G8: 30-abr | H8: Josefina | I8: 1
A9: Febrero | B9: 7 | C9: =VLOOKUP(B9,'calendario 2021'!F11:P172,11,0) -> 44246 | D9: Iván | F9: Total general | I9: 4
A10: Febrero | B10: 8 | C10: =VLOOKUP(B10,'calendario 2021'!F12:P173,11,0) -> 44253 | D10: Iván
A11: Febrero | B11: 9 | C11: =VLOOKUP(B11,'calendario 2021'!F13:P174,11,0) -> 44260 | D11: Iván
A12: Marzo | B12: 10 | C12: =VLOOKUP(B12,'calendario 2021'!F14:P175,11,0) -> 44267 | D12: Manuel
A13: Marzo | B13: 11 | C13: =VLOOKUP(B13,'calendario 2021'!F15:P176,11,0) -> 44274 | D13: Manuel
A14: Marzo | B14: 12 | C14: =VLOOKUP(B14,'calendario 2021'!F16:P177,11,0) -> 44281 | D14: Manuel
A15: Marzo | B15: 13 | C15: =VLOOKUP(B15,'calendario 2021'!F17:P178,11,0) -> 44287 | D15: Victor
A16: Marzo | B16: 14 | C16: =VLOOKUP(B16,'calendario 2021'!F18:P179,11,0) -> 44295 | D16: Victor
A17: Abril | B17: 15 | C17: =VLOOKUP(B17,'calendario 2021'!F18:P180,11,0) -> 44302 | D17: Victor
A18: Abril | B18: 16 | C18: =VLOOKUP(B18,'calendario 2021'!F19:P181,11,0) -> 44309 | D18: Josefina
A19: Abril | B19: 17 | C19: =VLOOKUP(B19,'calendario 2021'!F20:P182,11,0) -> 44316 | D19: Josefina
A20: Abril | B20: 18 | C20: =VLOOKUP(B20,'calendario 2021'!F21:P183,11,0) -> 44323 | D20: Josefina
A21: Mayo | B21: 19 | C21: =VLOOKUP(B21,'calendario 2021'!F22:P184,11,0) -> 44330 | D21: Iván
A22: Mayo | B22: 20 | C22: =VLOOKUP(B22,'calendario 2021'!F23:P185,11,0) -> 44336 | D22: Iván
A23: Mayo | B23: 21 | C23: =VLOOKUP(B23,'calendario 2021'!F24:P186,11,0) -> 44344 | D23: Iván
A24: Mayo | B24: 22 | C24: =VLOOKUP(B24,'calendario 2021'!F25:P187,11,0) -> 44351 | D24: Manuel
A25: Junio | B25: 23 | C25: =VLOOKUP(B25,'calendario 2021'!F26:P188,11,0) -> 44358 | D25: Manuel
A26: Junio | B26: 24 | C26: =VLOOKUP(B26,'calendario 2021'!F27:P189,11,0) -> 44365 | D26: Manuel
A27: Junio | B27: 25 | C27: =VLOOKUP(B27,'calendario 2021'!F28:P190,11,0) -> 44372 | D27: Victor
A28: Junio | B28: 26 | C28: =VLOOKUP(B28,'calendario 2021'!F29:P191,11,0) -> 0 | D28: Victor
... A41: Septiembre | B41: 39 | C41: =VLOOKUP(B41,'calendario 2021'!F42:P204,11,0) -> 0 | D41: Victor
A42: Septiembre | B42: 40 | C42: =VLOOKUP(B42,'calendario 2021'!F44:P205,11,0) -> 44477 | D42: Josefina
A43: Octubre | B43: 41 | C43: =VLOOKUP(B43,'calendario 2021'!F45:P206,11,0) -> 44484 | D43: Josefina
A44: Octubre | B44: 42 | C44: =VLOOKUP(B44,'calendario 2021'!F46:P207,11,0) -> 44491 | D44: Josefina
A45: Octubre | B45: 43 | C45: =VLOOKUP(B45,'calendario 2021'!F47:P208,11,0) -> 44498 | D45: Iván
A46: Octubre | B46: 44 | C46: =VLOOKUP(B46,'calendario 2021'!F48:P209,11,0) -> 44505 | D46: Iván
A47: Noviembre | B47: 45 | C47: =VLOOKUP(B47,'calendario 2021'!F49:P210,11,0) -> 44512 | D47: Iván
A48: Noviembre | B48: 46 | C48: =VLOOKUP(B48,'calendario 2021'!F50:P211,11,0) -> 44519 | D48: Manuel
A49: Noviembre | B49: 47 | C49: =VLOOKUP(B49,'calendario 2021'!F51:P212,11,0) -> 44526 | D49: Manuel
A50: Noviembre | B50: 48 | C50: =VLOOKUP(B50,'calendario 2021'!F52:P213,11,0) -> 0 | D50: Manuel
A51: Noviembre | B51: 49 | C51: =VLOOKUP(B51,'calendario 2021'!F56:P214,11,0) -> 44540 | D51: Victor
A52: Diciembre | B52: 50 | C52: =VLOOKUP(B52,'calendario 2021'!F57:P215,11,0) -> 44547 | D52: Victor
A53: Diciembre | B53: 51 | C53: =VLOOKUP(B53,'calendario 2021'!F58:P216,11,0) -> 44554 | D53: Victor
A54: Diciembre | B54: 52 | C54: =VLOOKUP(B54,'calendario 2021'!F59:P217,11,0) -> 44561 | D54: Josefina
A55: Diciembre | B55: 53 | C55: =VLOOKUP(B55,'calendario 2021'!F60:P218,11,0) -> #N/A | D55: Josefina
